season,team,playoffs,age,Strength of Schedule,o_rtg,d_rtg,pace,f_tr,3pt Attempt Rate,ts_percent,e_fg_percent,tov_percent,orb_percent,ft_fga,opp_e_fg_percent,opp_tov_percent,drb_percent,opp_ft_fga,attend_g
2025,Atlanta Hawks,TRUE,24.9,-0.28,114.6,115.7,102.6,0.252,0.41,0.579,0.546,13.2,26.3,0.196,0.56,13.8,76,0.202,16440
2025,Boston Celtics,TRUE,28.9,-0.83,120.6,111.1,95.7,0.212,0.536,0.591,0.561,10.8,25.7,0.169,0.522,11.6,76,0.154,19156
2025,Brooklyn Nets,FALSE,24.7,0.16,108.5,115.8,96.4,0.24,0.458,0.552,0.516,13.7,24.5,0.189,0.557,13.7,75,0.218,17398
2025,Chicago Bulls,TRUE,25.2,-0.27,114.1,115.6,102.8,0.214,0.457,0.585,0.553,12.7,22.3,0.173,0.539,10.8,76.6,0.178,20138
2025,Charlotte Hornets,FALSE,25.1,0.01,107.3,116.6,97.6,0.222,0.43,0.537,0.503,13.7,26.5,0.174,0.547,11.9,74.5,0.19,17169
2025,Cleveland Cavaliers,TRUE,26.6,-0.73,121.7,112.2,99.8,0.241,0.457,0.607,0.578,11.6,25.9,0.187,0.528,12.6,74.8,0.181,19432
2025,Dallas Mavericks,TRUE,27.5,0.46,114.8,116,99.2,0.263,0.389,0.583,0.549,12.5,23.3,0.203,0.54,11.6,73.1,0.179,20079
2025,Denver Nuggets,TRUE,27,0.08,119.9,116,99.8,0.259,0.356,0.604,0.573,12.5,26.7,0.2,0.542,11.3,74.6,0.173,19786
2025,Detroit Pistons,TRUE,25.8,-0.17,115,113.1,99.8,0.248,0.394,0.58,0.547,13,26.2,0.192,0.539,13.3,76,0.214,19071
2025,Golden State Warriors,TRUE,28.6,0.25,115,111.7,98.7,0.244,0.469,0.568,0.536,12.3,27.3,0.187,0.541,14.1,75.6,0.189,18064
2025,Houston Rockets,TRUE,24.9,0.45,115.3,110.8,98.6,0.242,0.384,0.553,0.523,11.8,31.7,0.178,0.528,12.8,76.2,0.186,17484
2025,Indiana Pacers,TRUE,25.8,-0.55,116.5,114.3,99.9,0.241,0.4,0.594,0.562,11.8,21.3,0.19,0.546,13.1,74.5,0.19,16737
2025,Los Angeles Clippers,TRUE,29.7,0.18,115.1,110.3,97.5,0.251,0.387,0.589,0.554,13.4,24.4,0.2,0.536,13.7,77.5,0.189,16575
2025,Los Angeles Lakers,TRUE,27.9,0.23,115.9,114.7,97.6,0.271,0.425,0.593,0.557,12.7,23.3,0.213,0.539,12.2,74.5,0.178,18723
2025,Memphis Grizzlies,TRUE,24.7,-0.06,117.7,113,103.3,0.249,0.406,0.588,0.554,13.1,28.7,0.196,0.533,12.9,74.9,0.206,16660
2025,Miami Heat,TRUE,26.8,-0.45,113.5,112.9,96.2,0.232,0.429,0.576,0.544,12.4,22.3,0.183,0.543,12.5,75.8,0.157,19716
2025,Milwaukee Bucks,TRUE,29.3,-0.36,115.9,113.4,99.3,0.268,0.424,0.598,0.568,12.2,19.3,0.201,0.533,11.4,76.2,0.174,17437
2025,Minnesota Timberwolves,TRUE,27.2,0.15,116.6,111.5,97.3,0.249,0.455,0.588,0.554,13,25.8,0.196,0.532,13.2,75.1,0.178,18835
2025,New Orleans Pelicans,FALSE,25.9,0.84,110.4,119.9,99.1,0.244,0.385,0.552,0.519,12.8,26.3,0.184,0.564,12.3,72.7,0.19,16815
2025,New York Knicks,TRUE,27.5,-0.51,118.5,114.3,96.7,0.232,0.382,0.589,0.556,11.9,26,0.186,0.549,13.1,74.5,0.176,19800
2025,Oklahoma City Thunder,TRUE,24.8,-0.16,120.3,107.5,100,0.22,0.419,0.593,0.56,10.3,24.2,0.18,0.513,14.9,74.6,0.211,17973
2025,Orlando Magic,TRUE,24.9,-0.58,109.4,109.6,96.1,0.269,0.411,0.55,0.51,12.9,25.3,0.208,0.538,15,77,0.22,18588
2025,Philadelphia 76ers,FALSE,27.1,-0.06,111.9,118.2,97.4,0.257,0.426,0.563,0.527,12.3,23.4,0.201,0.57,14.3,71.8,0.194,19844
2025,Phoenix Suns,FALSE,29.1,0.45,116.2,119.3,97.1,0.241,0.44,0.595,0.561,12.8,22.6,0.195,0.552,10.9,74.1,0.191,17071
2025,Portland Trail Blazers,FALSE,23.8,0.31,111.7,114.7,98.8,0.246,0.418,0.555,0.521,13.8,29.2,0.187,0.543,13.6,72.5,0.204,17546
2025,Sacramento Kings,TRUE,27.8,0.11,116.7,116.2,98.2,0.235,0.391,0.582,0.548,11.8,25.4,0.19,0.557,12.5,76.9,0.2,16986
2025,San Antonio Spurs,FALSE,26,0.31,114.4,117.2,99.3,0.234,0.441,0.575,0.544,12.3,24.3,0.181,0.551,12,73,0.158,17976
2025,Toronto Raptors,FALSE,24.5,-0.11,110.5,114.8,99.7,0.232,0.373,0.553,0.522,13.3,27.3,0.173,0.541,13.2,73.9,0.222,18746
2025,Utah Jazz,FALSE,23.9,0.83,111.2,120.4,100,0.252,0.449,0.568,0.533,14.9,26.9,0.195,0.559,10.3,74.1,0.185,18175
2025,Washington Wizards,FALSE,23.5,0.3,106.8,119.1,100.9,0.229,0.435,0.546,0.512,13.6,22.7,0.178,0.548,11.4,71.9,0.202,16084
2024,Atlanta Hawks,FALSE,26.2,-0.19,117.2,119.4,100.1,0.251,0.408,0.576,0.539,11.6,27.1,0.2,0.572,12.4,75.2,0.192,16986
2024,Boston Celtics,TRUE,28.2,-0.6,123.2,111.6,97.2,0.224,0.471,0.609,0.578,10.8,24.9,0.18,0.523,10.8,76.3,0.145,19156
2024,Brooklyn Nets,FALSE,26.1,-0.13,113.2,116.1,96.9,0.234,0.412,0.561,0.531,11.8,25.2,0.177,0.543,11.4,76,0.193,17568
2024,Chicago Bulls,FALSE,28.1,-0.33,114.9,116.3,96.3,0.236,0.358,0.568,0.534,11,25.1,0.187,0.556,12.7,76.4,0.195,20625
2024,Charlotte Hornets,FALSE,25.1,0.13,109.3,119.8,97.3,0.212,0.391,0.56,0.529,12.6,21.1,0.167,0.572,12.3,74.5,0.188,16449
2024,Cleveland Cavaliers,TRUE,26.2,-0.44,115.2,112.7,97.2,0.234,0.422,0.586,0.557,12.4,23.2,0.179,0.535,12.3,76.9,0.19,19432
2024,Dallas Mavericks,TRUE,26.5,0.09,117.6,115.4,100.1,0.251,0.441,0.592,0.562,11.2,22.2,0.19,0.548,12.1,75.2,0.184,20217
2024,Denver Nuggets,TRUE,27.1,-0.03,118.5,113,96.8,0.224,0.352,0.589,0.562,11.5,25.5,0.17,0.526,11.2,75.6,0.195,19684
2024,Detroit Pistons,FALSE,23.8,0.05,109.7,118.8,99.8,0.246,0.36,0.562,0.526,13.5,23.9,0.193,0.558,11.1,77.3,0.221,18159
2024,Golden State Warriors,FALSE,28.4,0.16,117.8,115.2,99.2,0.219,0.425,0.586,0.557,12.5,27.5,0.171,0.539,11.5,76.1,0.195,18064
2024,Houston Rockets,FALSE,25.1,0.12,114.5,113.4,99,0.257,0.397,0.565,0.529,11.2,25.1,0.199,0.533,12.2,76,0.219,17562
2024,Indiana Pacers,TRUE,25.3,-0.3,121,118,101.7,0.222,0.38,0.606,0.578,11.3,23.8,0.173,0.556,12.1,74.1,0.228,16526
2024,Los Angeles Clippers,TRUE,30.4,0.13,118.8,115.4,97.2,0.256,0.383,0.599,0.561,12,24.4,0.211,0.541,11.7,74.8,0.183,18946
2024,Los Angeles Lakers,TRUE,28,0.48,115.9,115.3,100.9,0.276,0.358,0.601,0.566,12.5,19.9,0.216,0.55,11.7,76.2,0.153,18925
2024,Memphis Grizzlies,FALSE,24.4,0.43,107.2,114.3,98.2,0.238,0.428,0.543,0.509,13.4,23.8,0.182,0.551,13.5,74.8,0.195,16631
2024,Miami Heat,TRUE,28,-0.66,114,112.2,96.2,0.257,0.394,0.578,0.538,11.7,21.8,0.21,0.543,12.7,78.1,0.174,19750
2024,Milwaukee Bucks,TRUE,30.2,-0.18,118.4,115.8,99.9,0.27,0.43,0.601,0.568,11.5,21.8,0.209,0.539,10.6,77.2,0.189,17659
2024,Minnesota Timberwolves,TRUE,27.2,-0.07,115.6,109,97.1,0.27,0.384,0.594,0.559,13,23.2,0.209,0.515,12.9,76.9,0.197,18024
2024,New Orleans Pelicans,TRUE,26,0.05,117.4,112.9,97.9,0.261,0.373,0.591,0.558,11.8,24.4,0.202,0.541,12.9,76.9,0.186,17301
2024,New York Knicks,TRUE,26.4,-0.23,118.2,113.4,95.2,0.246,0.404,0.574,0.54,11.9,29.4,0.192,0.543,12.3,76.1,0.176,19729
2024,Oklahoma City Thunder,TRUE,23.4,-0.05,119.5,112.1,99.8,0.24,0.383,0.608,0.573,11.4,21.1,0.198,0.53,13.6,73.8,0.202,17451
2024,Orlando Magic,TRUE,24,-0.55,113.4,111.3,96.9,0.287,0.369,0.577,0.541,13.3,25.3,0.218,0.543,13.8,78.1,0.206,18849
2024,Philadelphia 76ers,TRUE,28.4,-0.54,116.9,113.8,97.5,0.264,0.373,0.574,0.532,10.7,24.8,0.218,0.537,13.1,74.3,0.215,20042
2024,Phoenix Suns,TRUE,29.3,0.02,117.6,114.6,98.3,0.271,0.378,0.603,0.565,13.4,25,0.219,0.536,11.3,75.6,0.178,17071
2024,Portland Trail Blazers,FALSE,24.1,0.74,108.3,117.5,97.2,0.228,0.37,0.539,0.503,13.4,27.5,0.181,0.558,12.8,74,0.216,18327
2024,Sacramento Kings,FALSE,26.4,0.55,116.9,115.2,98.8,0.229,0.432,0.582,0.556,11.6,24.5,0.171,0.555,12.5,78.4,0.213,17927
2024,San Antonio Spurs,FALSE,23,0.69,110,116.4,101.1,0.22,0.401,0.563,0.532,13.2,22.9,0.172,0.555,11.7,76.4,0.174,18211
2024,Toronto Raptors,FALSE,25.9,-0.01,112.3,118.8,99.4,0.241,0.369,0.566,0.535,12.4,24.2,0.182,0.566,12.2,73.9,0.172,19515
2024,Utah Jazz,FALSE,25.1,0.68,115.5,120.4,99.5,0.251,0.406,0.579,0.539,13.6,28.1,0.209,0.567,10.9,75.2,0.182,18206
2024,Washington Wizards,FALSE,24.9,0,110.5,119.6,102.7,0.221,0.389,0.567,0.538,12.2,20,0.169,0.562,12,72.5,0.201,16899
2023,Atlanta Hawks,TRUE,24.9,0.02,116.6,116.3,100.7,0.244,0.331,0.579,0.541,11.2,25.1,0.2,0.552,12.4,75.8,0.206,17556
2023,Boston Celtics,TRUE,27.4,-0.15,118,111.5,98.5,0.243,0.48,0.6,0.566,12,22.1,0.197,0.528,11.3,78.5,0.18,19156
2023,Brooklyn Nets,TRUE,28,0.18,115,114.1,98.3,0.26,0.397,0.598,0.562,12.7,19.6,0.208,0.53,12.2,73.7,0.212,17669
2023,Chicago Bulls,FALSE,27.5,0.07,113.5,112.2,98.5,0.251,0.333,0.587,0.55,12.2,20.1,0.203,0.544,13.5,77.8,0.197,20528
2023,Charlotte Hornets,FALSE,25.3,0.35,109.2,115.3,100.8,0.261,0.36,0.55,0.516,12.3,23.8,0.195,0.544,12.5,75.5,0.211,17123
2023,Cleveland Cavaliers,TRUE,25.4,-0.15,116.1,110.6,95.7,0.264,0.371,0.59,0.556,12.3,23.6,0.206,0.535,14.4,76.3,0.21,18958
2023,Dallas Mavericks,FALSE,27.8,-0.22,116.8,116.7,96.6,0.298,0.487,0.599,0.565,11.4,18,0.225,0.549,11.9,75.5,0.226,20178
2023,Denver Nuggets,TRUE,26.6,-0.29,117.6,114.2,98.1,0.259,0.361,0.601,0.573,13.1,24.8,0.194,0.543,12.2,76.4,0.201,19235
2023,Detroit Pistons,FALSE,24.1,0.49,110.7,118.9,99,0.295,0.372,0.561,0.52,13.3,24.9,0.227,0.557,11.9,74,0.231,18596
2023,Golden State Warriors,TRUE,27.3,-0.15,116.1,114.4,101.6,0.224,0.479,0.6,0.571,14.1,24.4,0.178,0.54,12.3,76,0.214,18064
2023,Houston Rockets,FALSE,22.1,0.24,111.4,119.3,99,0.285,0.359,0.554,0.516,14,30.2,0.215,0.564,11.8,75.8,0.218,16314
2023,Indiana Pacers,FALSE,24.5,0.28,114.6,117.7,101.1,0.265,0.413,0.581,0.545,13,23.4,0.209,0.554,13,72.2,0.229,15648
2023,Los Angeles Clippers,TRUE,29.7,-0.19,115,114.5,98,0.278,0.387,0.588,0.551,12.8,22.9,0.217,0.543,11.7,76.6,0.195,17574
2023,Los Angeles Lakers,TRUE,27.9,-0.15,114.5,113.9,101.3,0.299,0.351,0.582,0.542,12.3,22.8,0.232,0.535,10.9,76.3,0.171,18614
2023,Memphis Grizzlies,TRUE,24.4,-0.34,115.1,111.2,101.1,0.259,0.372,0.57,0.54,11.7,26.5,0.19,0.526,13.1,75.9,0.206,17264
2023,Miami Heat,TRUE,27.7,0.18,113,113.3,96.3,0.27,0.408,0.574,0.53,12.4,22.8,0.224,0.561,14.5,77.7,0.198,19688
2023,Milwaukee Bucks,TRUE,29.8,-0.02,115.4,111.9,100.5,0.248,0.446,0.583,0.555,12.7,25,0.184,0.52,10.4,77.8,0.175,17531
2023,Minnesota Timberwolves,TRUE,25.8,-0.18,113.7,113.8,101,0.271,0.381,0.592,0.56,13.6,21.5,0.205,0.54,13.3,74.3,0.225,16769
2023,New Orleans Pelicans,FALSE,25.9,-0.26,114.4,112.5,99.1,0.279,0.344,0.582,0.543,12.9,24.7,0.221,0.543,13.4,77.4,0.212,16773
2023,New York Knicks,TRUE,24.5,0.06,117.8,114.8,97.1,0.285,0.4,0.577,0.541,11.4,28.3,0.217,0.536,11.4,77.1,0.21,19393
2023,Oklahoma City Thunder,FALSE,22.8,-0.12,115.2,114.2,101.1,0.256,0.369,0.57,0.531,11.2,24.7,0.207,0.547,14.4,72.9,0.222,15534
2023,Orlando Magic,FALSE,23.1,0.17,111.6,114.2,99.3,0.29,0.361,0.573,0.532,13.4,23.8,0.227,0.55,13.1,77.7,0.211,17766
2023,Philadelphia 76ers,TRUE,28.2,0.06,117.7,113.3,96.9,0.3,0.389,0.608,0.563,12.6,21.6,0.25,0.541,13,77.2,0.217,20470
2023,Phoenix Suns,TRUE,28.1,0.01,115.1,113,98.2,0.241,0.362,0.57,0.535,12,26.6,0.191,0.532,12.9,76,0.234,17071
2023,Portland Trail Blazers,FALSE,25.1,0.05,114.8,118.8,98.6,0.289,0.413,0.589,0.549,13.1,22.4,0.23,0.563,12.1,74.9,0.217,18716
2023,Sacramento Kings,TRUE,25.4,-0.35,119.4,116.8,100.3,0.284,0.423,0.608,0.572,12,22.7,0.225,0.563,12.6,77.2,0.203,17451
2023,San Antonio Spurs,FALSE,23.9,0.22,110.2,120,101.6,0.229,0.348,0.554,0.525,13,25.6,0.17,0.576,12,74.9,0.201,15508
2023,Toronto Raptors,FALSE,25.8,0.12,115.5,114,97.1,0.257,0.351,0.555,0.517,10.3,27.8,0.201,0.565,15.3,76.7,0.223,19787
2023,Utah Jazz,FALSE,26.5,-0.09,115.8,116.7,100.5,0.265,0.421,0.584,0.547,13.3,26.8,0.209,0.541,10.9,75.2,0.205,17762
2023,Washington Wizards,FALSE,26.2,0.15,114.4,115.6,98.6,0.258,0.365,0.585,0.55,12.7,22.6,0.202,0.54,11,76.1,0.194,17329
2022,Atlanta Hawks,TRUE,26.1,-0.01,116.5,114.9,97.7,0.253,0.39,0.581,0.543,10.8,23,0.205,0.543,11.5,76.9,0.177,16408
2022,Boston Celtics,TRUE,26.1,-0.26,114.4,106.9,96.6,0.239,0.425,0.578,0.542,12.4,24,0.195,0.502,12.5,77.3,0.183,19156
2022,Brooklyn Nets,TRUE,29.1,0.04,113.6,112.8,99,0.246,0.359,0.576,0.54,12.5,23.9,0.198,0.521,11.7,75.1,0.201,17355
2022,Chicago Bulls,TRUE,26.3,0.02,113.2,113.6,98.3,0.248,0.332,0.579,0.541,11.8,20.4,0.201,0.541,11.9,78.3,0.199,20882
2022,Charlotte Hornets,FALSE,25.5,0.09,114.1,113.7,100,0.234,0.418,0.572,0.544,11.6,23.3,0.173,0.544,13.1,74.8,0.187,17092
2022,Cleveland Cavaliers,FALSE,24.7,-0.08,111.9,109.7,96.1,0.261,0.387,0.571,0.538,13.2,24,0.198,0.52,12.3,76.5,0.172,18493
2022,Dallas Mavericks,TRUE,26.7,-0.18,112.8,109.4,95.4,0.249,0.439,0.572,0.538,11.7,21.3,0.192,0.521,12.2,78,0.185,19708
2022,Denver Nuggets,TRUE,27.7,-0.15,114.5,112.1,97.8,0.244,0.416,0.59,0.556,13.2,21.9,0.194,0.537,11.7,78.3,0.188,16958
2022,Detroit Pistons,FALSE,23.6,0.37,106,113.8,98.4,0.249,0.391,0.533,0.494,12.6,23.4,0.194,0.541,13.1,75.6,0.226,16184
2022,Golden State Warriors,TRUE,27.6,-0.02,112.5,106.9,98.4,0.235,0.456,0.582,0.552,13.5,22.8,0.181,0.509,13,78.7,0.201,18064
2022,Houston Rockets,FALSE,24.1,0.22,108.4,116.7,100.9,0.284,0.448,0.565,0.534,14.5,21.7,0.202,0.554,12.3,74.4,0.206,15585
2022,Indiana Pacers,FALSE,26,0.22,112.6,116.1,98,0.239,0.395,0.564,0.531,12.7,25.5,0.184,0.552,11.9,76.2,0.204,14360
2022,Los Angeles Clippers,FALSE,27.5,0.06,110.1,110.1,98,0.224,0.391,0.564,0.531,12.5,20.6,0.178,0.514,12,74.4,0.167,16927
2022,Los Angeles Lakers,FALSE,30.2,-0.03,110.3,113.3,100.1,0.259,0.388,0.567,0.537,12.8,21.1,0.19,0.54,12.2,75.8,0.192,18650
2022,Memphis Grizzlies,TRUE,24,-0.32,114.6,109,100.3,0.245,0.346,0.553,0.522,11.2,30,0.18,0.523,13.3,77.8,0.195,15775
2022,Miami Heat,TRUE,28.2,-0.22,113.7,109.1,95.9,0.252,0.422,0.584,0.547,13.4,23.5,0.204,0.524,13.8,78,0.209,19628
2022,Milwaukee Bucks,TRUE,28.5,-0.14,115.1,111.8,99.9,0.257,0.43,0.58,0.546,11.9,23,0.199,0.536,11.6,78.6,0.165,17453
2022,Minnesota Timberwolves,TRUE,24.2,-0.1,114.3,111.7,100.9,0.254,0.454,0.573,0.539,12.4,24.4,0.198,0.535,14.2,74.9,0.227,16028
2022,New Orleans Pelicans,TRUE,25.6,0.15,112,113,97.2,0.264,0.365,0.557,0.517,12.5,26.9,0.208,0.547,13,78.2,0.196,15511
2022,New York Knicks,FALSE,26,0.11,110.4,110.5,95.9,0.28,0.428,0.55,0.513,12,25.1,0.208,0.521,11.7,78.8,0.198,18622
2022,Oklahoma City Thunder,FALSE,22.4,0.2,104.6,112.8,98.6,0.223,0.419,0.53,0.497,12.5,21.8,0.169,0.533,11.8,76.1,0.169,14515
2022,Orlando Magic,FALSE,23.3,0.33,104.5,112.5,99.2,0.223,0.417,0.538,0.503,13,19.8,0.175,0.532,11.7,77.2,0.196,15192
2022,Philadelphia 76ers,TRUE,26.8,-0.04,113.5,110.8,96.2,0.282,0.376,0.578,0.534,11.6,20.1,0.232,0.524,12.1,76.8,0.192,20655
2022,Phoenix Suns,TRUE,27.5,-0.56,114.8,107.3,99.8,0.221,0.354,0.581,0.549,11.6,22.3,0.176,0.51,13,77.1,0.195,16175
2022,Portland Trail Blazers,FALSE,25.6,0.33,107.8,116.9,98.3,0.248,0.422,0.55,0.515,13,22.9,0.188,0.559,12.7,76.9,0.222,17210
2022,Sacramento Kings,FALSE,25.8,0.2,109.9,115.3,99.8,0.264,0.377,0.561,0.525,12.5,21.3,0.203,0.551,11.9,76,0.176,14087
2022,San Antonio Spurs,FALSE,24.5,-0.1,112.4,112.3,100,0.22,0.345,0.556,0.527,11.1,23.7,0.166,0.532,12.1,75.1,0.176,15014
2022,Toronto Raptors,TRUE,24.8,0.08,112.9,110.5,96,0.234,0.375,0.543,0.51,11,28.4,0.177,0.535,14.4,75.6,0.199,13350
2022,Utah Jazz,TRUE,29.3,-0.37,116.7,110.5,97.1,0.271,0.468,0.589,0.555,12.7,25.4,0.208,0.521,10.9,78.3,0.164,18306
2022,Washington Wizards,FALSE,25.9,0.15,111.1,114.5,97,0.252,0.356,0.568,0.532,12.1,20.9,0.197,0.529,10.7,76.9,0.202,15542
2021,Atlanta Hawks,TRUE,25.4,-0.18,115.7,113.3,97.6,0.278,0.382,0.581,0.539,11.9,24.4,0.226,0.53,11.1,77.8,0.19,1647
2021,Boston Celtics,TRUE,25.1,-0.14,114,112.5,98.3,0.234,0.409,0.574,0.543,12.5,24.3,0.181,0.539,12.8,78.1,0.215,835
2021,Brooklyn Nets,TRUE,28.2,-0.27,118.3,113.8,99.5,0.258,0.413,0.61,0.575,12.2,21.4,0.208,0.531,11.1,77.3,0.187,847
2021,Chicago Bulls,FALSE,25.6,-0.05,111.1,112,99,0.197,0.383,0.575,0.547,13.6,22.3,0.156,0.538,11.6,80.3,0.196,379
2021,Charlotte Hornets,FALSE,24.6,-0.01,110.9,112.8,98.3,0.238,0.422,0.564,0.532,13.3,23.5,0.181,0.55,13.2,75.7,0.163,1896
2021,Cleveland Cavaliers,FALSE,24,0.25,105.8,114.4,97.3,0.261,0.347,0.543,0.508,13.9,23.6,0.194,0.556,13,76.6,0.183,2541
2021,Dallas Mavericks,TRUE,26.3,-0.01,115.4,113,97.3,0.242,0.436,0.582,0.55,11.1,21.1,0.189,0.534,11.5,77.8,0.197,2635
2021,Denver Nuggets,TRUE,26.1,-0.11,117.1,112.1,97.1,0.219,0.383,0.588,0.557,12.1,24.7,0.176,0.545,12.9,78.9,0.2,1516
2021,Detroit Pistons,FALSE,24.5,0.09,108,112.5,97.9,0.273,0.385,0.556,0.519,13.5,21.9,0.207,0.541,12.6,76.9,0.195,396
2021,Golden State Warriors,FALSE,26.7,0.04,111.1,110.1,102.2,0.239,0.439,0.583,0.551,13.3,17.9,0.188,0.522,13.1,76.6,0.223,929
2021,Houston Rockets,FALSE,26.5,0.4,107.1,114.9,101.4,0.252,0.459,0.553,0.521,13,19.8,0.187,0.555,12.9,77.1,0.201,3250
2021,Indiana Pacers,FALSE,26.5,-0.08,112.4,112.4,101.6,0.227,0.372,0.575,0.542,11.9,20.2,0.18,0.531,12.7,74.9,0.201,NA
2021,Los Angeles Clippers,TRUE,28.8,-0.16,117.6,111.2,96.9,0.222,0.4,0.599,0.564,12.2,22.7,0.186,0.531,11.9,79.1,0.186,386
2021,Los Angeles Lakers,TRUE,28.2,-0.03,109.9,107.1,98.7,0.271,0.363,0.569,0.536,13.6,22.5,0.2,0.526,13.7,79.7,0.184,648
2021,Memphis Grizzlies,TRUE,24.2,0.04,112,111,100.4,0.232,0.342,0.56,0.528,11.6,24.2,0.179,0.535,13.1,78.3,0.196,1707
2021,Miami Heat,TRUE,27.4,-0.09,111.2,111.2,96.6,0.252,0.432,0.581,0.546,13.1,19.4,0.199,0.542,13.8,77.9,0.183,NA
2021,Milwaukee Bucks,TRUE,28.1,-0.32,117.2,111.4,102.2,0.233,0.404,0.593,0.566,12,23.3,0.177,0.536,11.5,79.7,0.157,1799
2021,Minnesota Timberwolves,FALSE,23.2,0.31,109.5,115,101.6,0.254,0.413,0.555,0.52,12.4,22.7,0.193,0.556,13.3,76.8,0.207,438
2021,New Orleans Pelicans,FALSE,24.8,0.1,113.5,113.8,100.1,0.293,0.342,0.57,0.537,12.7,26.3,0.214,0.55,11.9,80,0.186,2587
2021,New York Knicks,TRUE,25.6,-0.18,110.6,108.2,95.9,0.242,0.347,0.559,0.524,11.9,21.9,0.19,0.509,11.7,78.6,0.196,1170
2021,Oklahoma City Thunder,FALSE,22.8,0.51,103.5,114,101,0.242,0.399,0.539,0.509,14.2,21.2,0.176,0.547,11.5,77.9,0.167,NA
2021,Orlando Magic,FALSE,25.6,0.29,105.1,114.5,98.7,0.24,0.356,0.527,0.49,11.5,21.6,0.186,0.547,11.5,78.2,0.169,3513
2021,Philadelphia 76ers,TRUE,27.1,-0.31,113.2,107.6,99.5,0.293,0.347,0.579,0.541,12.8,23.2,0.225,0.521,13.8,78.2,0.2,1905
2021,Phoenix Suns,TRUE,26.6,-0.15,117.2,111.3,97.2,0.212,0.392,0.597,0.564,11.5,20.8,0.177,0.534,12.4,78.5,0.194,2890
2021,Portland Trail Blazers,TRUE,27.4,0.01,117.8,116,98.4,0.238,0.448,0.577,0.54,9.9,23,0.195,0.546,11.2,77.5,0.203,162
2021,Sacramento Kings,FALSE,25.6,0.23,113.6,117.2,100,0.248,0.376,0.578,0.549,12,21.3,0.185,0.557,12.1,75,0.199,NA
2021,San Antonio Spurs,FALSE,26.2,0.15,111,112.8,98.9,0.243,0.314,0.554,0.517,10.2,20,0.192,0.541,11.8,77.3,0.174,1696
2021,Toronto Raptors,FALSE,26.6,-0.07,112,112.5,99.2,0.241,0.444,0.567,0.529,11.9,20.8,0.196,0.543,14.4,76.3,0.234,723
2021,Utah Jazz,TRUE,28.5,-0.29,117.6,108.3,98.5,0.244,0.488,0.597,0.563,12.7,24.5,0.195,0.507,10.3,79.3,0.159,4203
2021,Washington Wizards,TRUE,26.6,-0.01,111.2,113,104.1,0.288,0.319,0.569,0.531,12.3,21.3,0.221,0.539,12.5,77.6,0.217,533
2020,Atlanta Hawks,FALSE,24.1,0.27,107.2,114.8,103,0.258,0.398,0.554,0.515,13.8,21.6,0.204,0.543,12.7,74.9,0.233,16043
2020,Boston Celtics,TRUE,25.3,-0.47,113.3,107,99.5,0.259,0.386,0.57,0.531,12.2,23.9,0.207,0.509,13.5,77.4,0.215,19090
2020,Brooklyn Nets,TRUE,26.3,-0.44,108.9,109.5,101.4,0.267,0.423,0.554,0.52,13.1,23.2,0.199,0.511,11,77.8,0.187,16403
2020,Chicago Bulls,FALSE,24.4,-0.93,106.7,109.8,99.7,0.231,0.396,0.547,0.515,13.7,22.8,0.175,0.546,16.3,75.6,0.239,18804
2020,Charlotte Hornets,FALSE,24.3,-0.28,106.3,113.3,95.8,0.252,0.399,0.539,0.504,13.3,23.9,0.188,0.546,13.1,74.4,0.159,15428
2020,Cleveland Cavaliers,FALSE,25,0.12,107.5,115.4,98.7,0.227,0.362,0.553,0.522,14.6,24.6,0.172,0.56,11.7,77.4,0.164,17861
2020,Dallas Mavericks,TRUE,26.1,-0.07,116.7,111.7,99.3,0.264,0.457,0.581,0.545,11.2,23.2,0.206,0.525,10.6,77.7,0.175,20062
2020,Denver Nuggets,TRUE,25.6,0.24,113.1,111,97.1,0.235,0.344,0.567,0.535,12.3,24.8,0.183,0.533,12.9,76.8,0.198,19186
2020,Detroit Pistons,FALSE,25.9,-0.82,109,112.7,97.6,0.261,0.381,0.561,0.529,13.8,22.6,0.194,0.541,12.7,75.9,0.186,15294
2020,Golden State Warriors,FALSE,24.4,0.59,105.2,113.8,100.3,0.264,0.355,0.54,0.497,13.2,21.5,0.212,0.553,13.7,76.4,0.193,18064
2020,Houston Rockets,TRUE,29.2,0.17,112.9,110.1,103.7,0.288,0.501,0.578,0.537,12.6,21,0.228,0.529,13.7,75.6,0.197,18077
2020,Indiana Pacers,TRUE,25.6,-0.33,110,108,98.9,0.216,0.317,0.565,0.534,12,20,0.17,0.511,13,76.7,0.192,16531
2020,Los Angeles Clippers,TRUE,27.4,0.21,113.9,107.6,101.5,0.295,0.375,0.577,0.535,12.6,23.5,0.233,0.506,12.2,77.6,0.206,19068
2020,Los Angeles Lakers,TRUE,29.5,0.49,112,106.3,100.9,0.276,0.358,0.573,0.542,13.3,24.5,0.201,0.515,14.1,78.8,0.205,18997
2020,Memphis Grizzlies,FALSE,24.1,0.16,109.2,110.3,102.8,0.24,0.346,0.561,0.528,13.2,23,0.183,0.521,12.7,77.8,0.217,15857
2020,Miami Heat,TRUE,25.9,-0.35,112.5,109.5,98.3,0.299,0.419,0.587,0.547,13.5,20.3,0.234,0.523,12.6,79.5,0.213,19680
2020,Milwaukee Bucks,TRUE,29.2,-0.67,112.4,102.9,105.1,0.271,0.428,0.583,0.552,12.9,20.7,0.201,0.489,12,81.6,0.178,17711
2020,Minnesota Timberwolves,FALSE,24.8,0.28,108.1,112.2,103.4,0.277,0.433,0.551,0.514,13,22.1,0.209,0.541,13.2,77.2,0.218,15066
2020,New Orleans Pelicans,FALSE,25.4,0.74,110.7,111.9,103.7,0.256,0.403,0.568,0.539,13.9,24.2,0.186,0.532,12.4,77.8,0.212,16505
2020,New York Knicks,FALSE,24.5,-0.26,106.5,113,98.6,0.263,0.318,0.531,0.501,12.6,25.8,0.182,0.541,12.4,78.3,0.224,18812
2020,Oklahoma City Thunder,TRUE,25.5,0.34,110.8,108.8,98.8,0.29,0.353,0.573,0.53,12.4,19.3,0.231,0.518,12.6,76.8,0.173,18203
2020,Orlando Magic,TRUE,26.1,0.09,108.5,109.5,98.6,0.256,0.364,0.544,0.506,11.5,22.3,0.198,0.535,13.2,79.1,0.176,17093
2020,Philadelphia 76ers,TRUE,26.3,-0.13,111.3,109,99,0.255,0.36,0.566,0.534,12.7,23.9,0.193,0.523,12.5,80.3,0.214,20629
2020,Phoenix Suns,FALSE,24.6,0.35,111.7,111.4,101.3,0.271,0.361,0.576,0.532,13,22.2,0.226,0.539,13.7,78.8,0.221,15606
2020,Portland Trail Blazers,TRUE,27.5,0.54,113.7,114.8,100.7,0.242,0.374,0.57,0.533,11.2,22.4,0.194,0.53,11.2,75.3,0.208,19634
2020,Sacramento Kings,FALSE,27,0.46,110.2,112.2,98.9,0.23,0.395,0.566,0.534,13,21.9,0.177,0.543,13.6,78.4,0.225,16796
2020,San Antonio Spurs,FALSE,27.6,0.46,112.4,113.5,100.5,0.262,0.318,0.572,0.531,11.2,20.1,0.212,0.542,11.7,79.2,0.193,18351
2020,Toronto Raptors,TRUE,26.6,-0.26,111.1,105,100.9,0.264,0.421,0.574,0.536,13.1,21.3,0.21,0.502,14.6,76.7,0.202,19796
2020,Utah Jazz,TRUE,27.3,0.05,112.3,109.9,98.6,0.268,0.414,0.585,0.549,13.7,21.6,0.208,0.518,11.1,78.9,0.185,18306
2020,Washington Wizards,FALSE,25.1,-0.57,110.9,115.5,102.7,0.27,0.358,0.562,0.523,12.2,22.2,0.213,0.558,13.9,75.3,0.231,16647
2019,Atlanta Hawks,FALSE,25.1,-0.04,108.1,113.9,103.9,0.255,0.403,0.555,0.522,14.3,24.7,0.192,0.541,12.8,76.4,0.237,15328
2019,Boston Celtics,TRUE,25.7,-0.54,112.2,107.8,99.6,0.215,0.381,0.567,0.534,11.5,21.6,0.173,0.514,13.4,77,0.198,18624
2019,Brooklyn Nets,TRUE,25.4,-0.33,109.6,109.7,100.8,0.284,0.403,0.556,0.52,13,23.8,0.211,0.512,11.6,76.4,0.19,14941
2019,Chicago Bulls,FALSE,24,0.1,104.8,113.2,99,0.235,0.295,0.541,0.505,12.7,19.4,0.184,0.541,11.9,77.3,0.188,20085
2019,Charlotte Hornets,FALSE,26.6,-0.22,111.4,112.5,98.7,0.257,0.378,0.554,0.514,10.9,21.7,0.205,0.538,12.1,77.1,0.179,16502
2019,Cleveland Cavaliers,FALSE,25.2,0.22,107.7,117.6,96.6,0.236,0.332,0.54,0.503,12.2,23.7,0.187,0.564,11.5,77,0.181,19350
2019,Dallas Mavericks,FALSE,26.9,0.42,109.4,110.7,99,0.291,0.422,0.555,0.519,12.7,22.7,0.216,0.522,11.6,77.5,0.191,20014
2019,Denver Nuggets,TRUE,24.9,0.24,113,108.9,97.7,0.232,0.348,0.558,0.527,11.9,26.6,0.175,0.521,12.3,78,0.194,18450
2019,Detroit Pistons,TRUE,26.9,-0.31,109,109.2,97.4,0.262,0.394,0.544,0.509,12.3,24.8,0.195,0.526,12.8,78.7,0.211,16487
2019,Golden State Warriors,TRUE,28.4,-0.04,115.9,109.5,100.9,0.227,0.384,0.596,0.565,12.6,22.5,0.182,0.508,11.7,77.1,0.205,19596
2019,Houston Rockets,TRUE,29.2,0.19,115.5,110.7,97.9,0.279,0.519,0.581,0.542,12,22.8,0.221,0.525,13.4,74.4,0.21,18058
2019,Indiana Pacers,TRUE,27,-0.57,109.9,106.5,98.1,0.242,0.292,0.561,0.53,12.4,21.9,0.182,0.516,14.1,76.2,0.184,16812
2019,Los Angeles Clippers,TRUE,27.2,0.23,112.4,111.5,101.7,0.326,0.295,0.575,0.529,12.7,22,0.258,0.514,11.4,76,0.224,17325
2019,Los Angeles Lakers,FALSE,26.2,0.39,107.8,109.5,103.2,0.257,0.342,0.554,0.527,13.4,22.2,0.18,0.516,12.2,76.4,0.192,18997
2019,Memphis Grizzlies,FALSE,27.7,0.51,106.1,108.8,96.6,0.272,0.342,0.548,0.508,12.9,20,0.21,0.521,13.9,77.6,0.232,15569
2019,Miami Heat,FALSE,27,-0.22,107.3,107.6,98.2,0.247,0.368,0.542,0.515,13.1,24.8,0.172,0.51,12.7,77.6,0.201,19641
2019,Milwaukee Bucks,TRUE,26.9,-0.82,113.8,105.2,103.3,0.255,0.419,0.583,0.55,12,20.8,0.197,0.503,11.5,80.3,0.162,17602
2019,Minnesota Timberwolves,FALSE,26.2,0.48,111.4,112.9,100.2,0.267,0.315,0.552,0.511,11.4,24.6,0.21,0.538,12.9,74.9,0.19,15306
2019,New Orleans Pelicans,FALSE,25.7,0.23,111.4,112.6,103.3,0.254,0.324,0.563,0.529,12.6,24.1,0.193,0.532,11.6,76.8,0.193,16004
2019,New York Knicks,FALSE,23.4,0.28,104.5,113.7,99.6,0.27,0.334,0.529,0.49,12.4,22.1,0.205,0.533,11.7,76.1,0.203,19002
2019,Oklahoma City Thunder,TRUE,25.7,0.15,110.3,107,102.8,0.266,0.347,0.545,0.514,11.7,26,0.19,0.523,14.4,78.2,0.206,18203
2019,Orlando Magic,TRUE,25.7,-0.43,108.9,108.1,98.1,0.216,0.36,0.55,0.518,11.9,22,0.168,0.515,11.8,79.7,0.186,17431
2019,Philadelphia 76ers,TRUE,26.4,-0.44,112.6,110,101.6,0.312,0.342,0.574,0.532,12.9,24.5,0.241,0.512,11.1,78.6,0.206,20447
2019,Phoenix Suns,FALSE,24,0.73,105.9,115.1,100.5,0.259,0.335,0.552,0.514,13.8,20.5,0.202,0.545,13.5,72.5,0.236,15293
2019,Portland Trail Blazers,TRUE,26.2,0.24,114.7,110.5,99.1,0.258,0.339,0.568,0.528,12.1,26.6,0.21,0.516,11,77.9,0.195,19496
2019,Sacramento Kings,FALSE,24.8,0.31,110.4,111.5,103.1,0.244,0.321,0.554,0.524,11.5,23.1,0.177,0.533,13.6,75.5,0.207,17097
2019,San Antonio Spurs,TRUE,28.8,0.12,112.9,111.2,98.3,0.237,0.286,0.572,0.534,11,21,0.194,0.528,11,79.4,0.17,18308
2019,Toronto Raptors,TRUE,27.3,-0.6,113.1,107.1,100.2,0.247,0.379,0.579,0.543,12.4,21.9,0.198,0.509,13.1,77.1,0.19,19825
2019,Utah Jazz,TRUE,27.3,0.03,110.9,105.7,100.3,0.295,0.394,0.572,0.538,13.4,22.9,0.217,0.507,12.4,80.3,0.189,18306
2019,Washington Wizards,FALSE,26.5,-0.4,111.1,113.9,101.4,0.266,0.37,0.567,0.531,12.3,21.3,0.204,0.546,13.5,74.1,0.199,17448
2018,Atlanta Hawks,FALSE,25.4,0.15,105,110.6,98.3,0.236,0.363,0.547,0.512,14.1,21.1,0.185,0.536,13.6,76.2,0.183,14409
2018,Boston Celtics,TRUE,24.7,-0.35,107.6,103.9,96,0.243,0.357,0.552,0.518,13,21.5,0.188,0.495,13,78.4,0.191,18624
2018,Brooklyn Nets,FALSE,25.1,0.07,106.9,110.6,98.9,0.26,0.411,0.551,0.514,13.6,21,0.201,0.517,11,77,0.201,15376
2018,Chicago Bulls,FALSE,24.4,0.2,103.8,110.9,98.3,0.216,0.35,0.529,0.497,12.6,20.6,0.164,0.542,12.4,80.6,0.184,20776
2018,Charlotte Hornets,FALSE,26.6,-0.19,109.4,109.1,98.4,0.312,0.314,0.549,0.508,11.4,22.2,0.233,0.532,12.4,80.7,0.165,16376
2018,Cleveland Cavaliers,TRUE,30.6,-0.35,112.9,111.9,98,0.275,0.379,0.584,0.547,12.6,20.1,0.214,0.54,12.2,77.3,0.166,20562
2018,Dallas Mavericks,FALSE,27.7,0.34,106.3,109.5,95.6,0.217,0.382,0.544,0.513,11.5,18,0.166,0.532,12.8,78.9,0.193,19792
2018,Denver Nuggets,FALSE,25.1,0.09,112.5,111,96.8,0.258,0.357,0.57,0.536,13.4,25.7,0.198,0.539,12.6,77.5,0.173,17141
2018,Detroit Pistons,FALSE,25.9,-0.11,107.2,107.3,96.2,0.227,0.333,0.543,0.512,12.3,22.7,0.169,0.524,13.7,78.5,0.172,17413
2018,Golden State Warriors,TRUE,28.8,-0.19,113.6,107.7,99.6,0.239,0.339,0.603,0.569,14.1,21,0.195,0.504,12.6,76.3,0.186,19596
2018,Houston Rockets,TRUE,29.8,-0.27,114.7,106.1,97.6,0.298,0.502,0.59,0.551,12.7,21.3,0.233,0.521,13.4,79.9,0.171,17871
2018,Indiana Pacers,TRUE,26.2,-0.2,109.5,108.1,96,0.222,0.284,0.557,0.525,12.3,22.7,0.173,0.527,14.2,76.2,0.174,16052
2018,Los Angeles Clippers,FALSE,27,0.11,110.3,110.2,98.7,0.299,0.314,0.564,0.527,13.2,23.5,0.222,0.52,12.6,76.1,0.203,17020
2018,Los Angeles Lakers,FALSE,23.7,0.11,106.5,108,100.3,0.264,0.329,0.548,0.517,13.8,23.6,0.188,0.514,12.5,77.7,0.19,18935
2018,Memphis Grizzlies,FALSE,26,0.39,104.5,111,94.9,0.255,0.317,0.539,0.5,14,22.4,0.201,0.529,13.8,76.5,0.256,15948
2018,Miami Heat,TRUE,26.5,-0.33,106.8,106.3,95.6,0.229,0.358,0.551,0.52,13.3,21.5,0.173,0.507,13.1,79,0.215,19630
2018,Milwaukee Bucks,TRUE,25.9,-0.15,109.8,110.1,96.3,0.281,0.297,0.571,0.531,12.9,20.4,0.22,0.528,14.2,75.9,0.22,16856
2018,Minnesota Timberwolves,TRUE,27.1,0.12,113.4,111.1,96,0.28,0.261,0.566,0.523,11.4,24.4,0.225,0.539,13.9,76.4,0.189,17056
2018,New Orleans Pelicans,TRUE,27.6,0.18,109.6,108.3,100.5,0.237,0.319,0.573,0.541,13.3,20,0.183,0.513,12.5,76.7,0.175,16437
2018,New York Knicks,FALSE,26.3,0.03,107.1,110.7,96.8,0.216,0.266,0.544,0.51,13.3,24.1,0.17,0.522,12.1,76.7,0.208,19332
2018,Oklahoma City Thunder,TRUE,27.3,0,110.7,107.2,96.7,0.275,0.345,0.546,0.514,12.4,27.7,0.197,0.525,14.7,77.4,0.193,18203
2018,Orlando Magic,FALSE,25.6,-0.1,105.2,110.1,98.1,0.238,0.342,0.545,0.512,13.3,20,0.18,0.525,12.8,75.6,0.187,17915
2018,Philadelphia 76ers,TRUE,25.8,-0.2,109.5,105,99.8,0.263,0.344,0.568,0.535,14.6,25.3,0.198,0.492,12.6,78.6,0.218,20361
2018,Phoenix Suns,FALSE,23.7,0.57,103.5,112.9,100.3,0.275,0.32,0.532,0.495,13.9,22.5,0.203,0.533,11.9,76.5,0.212,16843
2018,Portland Trail Blazers,TRUE,25.6,0,109.1,106.4,96.5,0.24,0.324,0.549,0.511,12.3,23.3,0.192,0.503,11.7,79.1,0.193,19409
2018,Sacramento Kings,FALSE,26.4,0.39,103.7,111.1,94.9,0.194,0.278,0.529,0.502,12.8,21.5,0.143,0.542,13.5,77.6,0.199,17431
2018,San Antonio Spurs,TRUE,29.3,0,107.9,104.8,95,0.245,0.282,0.543,0.507,12.2,23.7,0.189,0.507,13.2,78.6,0.17,18404
2018,Toronto Raptors,TRUE,25.8,-0.49,113.8,105.9,97.4,0.25,0.377,0.575,0.539,12.1,23,0.198,0.501,13,77.7,0.212,19840
2018,Utah Jazz,TRUE,26.7,0.17,108.4,103.9,95.7,0.26,0.357,0.564,0.527,13.7,21.5,0.202,0.506,14,79.8,0.19,17922
2018,Washington Wizards,TRUE,26.9,-0.06,109.3,108.7,96.6,0.254,0.31,0.56,0.525,13.3,23.5,0.196,0.522,13.6,77.1,0.212,18032
2017,Atlanta Hawks,TRUE,27.9,-0.38,104.9,105.7,97.4,0.295,0.309,0.541,0.504,14.2,23.6,0.215,0.507,13.8,76.1,0.179,15959
2017,Boston Celtics,TRUE,25.9,-0.39,111.2,108.4,96.8,0.273,0.393,0.567,0.525,12.2,21.2,0.22,0.503,12.6,75.3,0.223,18553
2017,Brooklyn Nets,FALSE,26,-0.01,104.1,110.7,101.3,0.289,0.371,0.551,0.507,14.7,19.6,0.228,0.513,11.6,76.1,0.212,15429
2017,Chicago Bulls,TRUE,26.9,-0.39,107.4,107,95.3,0.259,0.256,0.53,0.487,12.3,27,0.206,0.507,12.4,76.8,0.169,21680
2017,Charlotte Hornets,FALSE,26.5,-0.26,108.8,108.6,95.7,0.279,0.335,0.547,0.501,10.7,19.9,0.227,0.523,12.1,79.6,0.164,17333
2017,Cleveland Cavaliers,TRUE,29.2,-0.31,113.6,110.3,96.2,0.275,0.399,0.58,0.547,12.6,21.9,0.206,0.516,11.4,75.8,0.174,20562
2017,Dallas Mavericks,FALSE,27.6,0.4,105.6,108.8,92.2,0.225,0.366,0.541,0.505,11.6,18.1,0.18,0.529,14.4,77.6,0.218,19789
2017,Denver Nuggets,FALSE,25.2,0.19,113.2,112.7,98.3,0.276,0.329,0.568,0.53,13.2,27.3,0.214,0.532,10.9,78.7,0.194,14672
2017,Detroit Pistons,FALSE,25.4,-0.17,106,107.1,95,0.218,0.263,0.521,0.492,10.9,24.1,0.157,0.516,12.1,81.2,0.197,15979
2017,Golden State Warriors,TRUE,28.2,-0.28,115.6,104,99.8,0.259,0.359,0.597,0.563,13.2,22.8,0.204,0.486,13.5,74.9,0.198,19596
2017,Houston Rockets,TRUE,27.4,0.08,114.7,109,100,0.304,0.462,0.583,0.545,13.3,24.6,0.233,0.519,13.2,75.8,0.194,16973
2017,Indiana Pacers,TRUE,27,-0.42,108.6,108.8,95.9,0.261,0.272,0.558,0.516,12.8,21.2,0.212,0.512,13.6,75.5,0.225,16697
2017,Los Angeles Clippers,TRUE,30,0.13,112.7,108.2,96.1,0.312,0.329,0.574,0.537,12,21.5,0.233,0.506,12.1,76.9,0.211,19088
2017,Los Angeles Lakers,FALSE,25.1,0.58,106,113,98.5,0.259,0.295,0.537,0.501,13.5,25,0.195,0.542,13,75.8,0.213,18949
2017,Memphis Grizzlies,TRUE,29.5,0.47,107.7,107.1,92.3,0.28,0.316,0.535,0.491,12.1,24.8,0.219,0.506,13.6,77.5,0.256,16520
2017,Miami Heat,FALSE,26.5,-0.29,107.8,106.7,95.2,0.251,0.314,0.541,0.512,12.4,24.2,0.177,0.496,12.6,76.4,0.22,19644
2017,Milwaukee Bucks,TRUE,25.6,-0.26,109.1,109.3,94.5,0.274,0.29,0.565,0.527,13.2,21.5,0.21,0.518,13.6,75.4,0.215,15828
2017,Minnesota Timberwolves,FALSE,24,0.47,110.8,112,94.6,0.287,0.249,0.555,0.511,12.9,27.2,0.229,0.535,13.2,75.9,0.212,14810
2017,New Orleans Pelicans,FALSE,25.7,0.41,105.2,107.4,98,0.256,0.308,0.539,0.504,11.7,18.5,0.192,0.509,12.4,76.8,0.177,16173
2017,New York Knicks,FALSE,27.3,-0.2,107.7,111.5,96,0.239,0.279,0.534,0.496,12.4,26.6,0.188,0.511,11.7,74.1,0.214,19774
2017,Oklahoma City Thunder,TRUE,24.7,0.39,108.3,107.5,97.8,0.295,0.295,0.54,0.5,13.2,27.9,0.22,0.511,12.5,79,0.218,18203
2017,Orlando Magic,FALSE,25.3,-0.04,103.7,110.5,96.8,0.246,0.3,0.524,0.489,12.1,21.6,0.184,0.523,11.9,77.4,0.201,17753
2017,Philadelphia 76ers,FALSE,24.6,-0.14,103.2,108.9,98.5,0.258,0.349,0.539,0.501,14.9,22.4,0.199,0.512,13.5,75.3,0.234,17331
2017,Phoenix Suns,FALSE,25,0.49,106.6,112.2,100.3,0.297,0.255,0.538,0.493,13.4,26,0.231,0.525,13.1,76.4,0.264,17134
2017,Portland Trail Blazers,TRUE,24.8,0.3,110.3,110.8,96.7,0.275,0.322,0.559,0.52,12.5,23,0.214,0.508,11.6,76.8,0.241,19318
2017,Sacramento Kings,FALSE,27.9,0.58,107.3,111.3,94.9,0.284,0.291,0.556,0.516,13.7,21,0.22,0.528,12.9,76.3,0.227,17608
2017,San Antonio Spurs,TRUE,29.6,-0.06,111.1,103.5,94.2,0.263,0.281,0.564,0.524,12.6,24,0.21,0.492,13.5,77.6,0.192,18423
2017,Toronto Raptors,TRUE,26.1,-0.56,112.3,107.8,94.7,0.293,0.289,0.561,0.517,11.8,25,0.233,0.507,13.5,76.3,0.223,19830
2017,Utah Jazz,TRUE,26.8,0.06,109.6,105.3,91.6,0.288,0.327,0.563,0.526,13.2,23.2,0.215,0.493,11.8,78.9,0.195,19662
2017,Washington Wizards,TRUE,26,-0.45,111.2,109.3,97.4,0.254,0.284,0.564,0.528,12.8,24.1,0.199,0.524,13.8,75.5,0.213,17003
2016,Atlanta Hawks,TRUE,28.2,-0.12,105.1,101.4,97.1,0.237,0.336,0.552,0.516,13.8,19.1,0.185,0.48,14.4,74.6,0.194,16833
2016,Boston Celtics,TRUE,25.2,-0.37,106.8,103.6,98.5,0.264,0.293,0.531,0.488,12.1,25.1,0.208,0.487,14.6,74.6,0.231,18270
2016,Brooklyn Nets,FALSE,26.9,0.24,103.2,110.9,95.2,0.246,0.218,0.527,0.492,13.6,24.1,0.186,0.534,13.1,75.7,0.176,15125
2016,Chicago Bulls,FALSE,27.6,0.01,105,106.5,95.7,0.24,0.244,0.526,0.487,12.6,24.5,0.189,0.485,10.7,74.9,0.182,21821
2016,Charlotte Hornets,TRUE,26,-0.36,107.2,104.3,95.6,0.28,0.348,0.545,0.502,11.7,20,0.222,0.496,12.5,79.8,0.191,17485
2016,Cleveland Cavaliers,TRUE,28.1,-0.55,110.9,104.5,93.3,0.259,0.352,0.558,0.524,12.7,25.1,0.194,0.496,12.6,78.5,0.205,20562
2016,Dallas Mavericks,TRUE,30.3,0.29,106.7,107,94.3,0.265,0.339,0.544,0.502,12,20.6,0.211,0.504,12.8,76.2,0.198,20144
2016,Denver Nuggets,FALSE,24.7,0.29,105.6,108.9,95.7,0.282,0.277,0.531,0.489,13.2,25.8,0.216,0.515,12.6,77.3,0.216,14095
2016,Detroit Pistons,TRUE,25,-0.18,106.1,105.5,95.1,0.296,0.303,0.522,0.491,12.2,27,0.197,0.504,12.5,79.3,0.196,16516
2016,Golden State Warriors,TRUE,27.4,-0.38,114.5,103.8,99.3,0.25,0.362,0.593,0.563,13.5,23.5,0.191,0.479,12.6,76,0.208,19596
2016,Houston Rockets,TRUE,27.8,0.14,108.3,108.1,97.6,0.352,0.37,0.553,0.516,14.2,25.7,0.244,0.516,14.8,72.8,0.219,17982
2016,Indiana Pacers,TRUE,26.9,-0.09,104.6,102.9,96.6,0.268,0.27,0.536,0.497,13.5,23.4,0.205,0.489,14.3,76,0.205,16847
2016,Los Angeles Clippers,TRUE,29.7,-0.15,108.3,103.8,95.8,0.318,0.324,0.556,0.524,12.1,20.1,0.22,0.48,13.8,73.8,0.222,19193
2016,Los Angeles Lakers,FALSE,26.5,0.64,101.6,111.6,95.6,0.292,0.29,0.509,0.46,12.5,23.1,0.228,0.523,11.6,74.7,0.202,18997
2016,Memphis Grizzlies,TRUE,30.5,0.11,105.4,107.8,93.3,0.295,0.222,0.524,0.477,12.3,25.3,0.231,0.518,15.2,75.1,0.251,17119
2016,Miami Heat,TRUE,28.4,-0.14,106.1,104.4,93.6,0.282,0.221,0.545,0.508,13.3,23.8,0.21,0.485,12.1,77.8,0.196,19740
2016,Milwaukee Bucks,FALSE,23.5,0.2,104.3,108.7,94.2,0.276,0.189,0.537,0.499,14.2,24.9,0.207,0.51,14.2,73.1,0.221,15166
2016,Minnesota Timberwolves,FALSE,24.6,0.15,106.5,110.1,95.2,0.332,0.202,0.549,0.498,13.9,24.3,0.263,0.524,13.6,74.7,0.2,14175
2016,New Orleans Pelicans,FALSE,26.6,0.24,105.6,109.5,96.8,0.259,0.277,0.537,0.498,12.3,21.2,0.201,0.523,12.7,78.8,0.225,16794
2016,New York Knicks,FALSE,27.2,0,104.6,107.6,93.4,0.255,0.256,0.527,0.483,12.6,23.7,0.205,0.487,10.5,75.8,0.204,19812
2016,Oklahoma City Thunder,TRUE,25.8,-0.19,113.1,105.6,96.7,0.292,0.275,0.565,0.524,14,31.1,0.228,0.484,11.7,76,0.205,18203
2016,Orlando Magic,FALSE,23.9,-0.06,105.1,106.8,96,0.232,0.255,0.533,0.5,12.8,23.1,0.175,0.513,13.8,76.5,0.215,17515
2016,Philadelphia 76ers,FALSE,23.3,0.31,98.8,109.2,97.9,0.269,0.327,0.519,0.487,14.8,20.6,0.186,0.51,13.5,74,0.24,14991
2016,Phoenix Suns,FALSE,26,0.34,102.2,109,98.5,0.271,0.302,0.526,0.487,15.2,25.4,0.204,0.523,13.5,77.1,0.237,17107
2016,Portland Trail Blazers,TRUE,24.3,0.15,108.8,108,96,0.268,0.332,0.548,0.511,13.2,25.9,0.202,0.503,12.1,76.2,0.225,19368
2016,Sacramento Kings,FALSE,26.6,0.16,106,108.4,100,0.295,0.26,0.546,0.51,14.2,23.9,0.214,0.521,14,74.9,0.202,17222
2016,San Antonio Spurs,TRUE,30.3,-0.36,110.3,99,93.8,0.246,0.223,0.564,0.526,12.4,23,0.197,0.477,14.1,79.1,0.182,18450
2016,Toronto Raptors,TRUE,26.3,-0.42,110,105.2,92.9,0.328,0.287,0.552,0.504,12.3,24.6,0.255,0.498,12.7,77.7,0.201,19826
2016,Utah Jazz,FALSE,24.2,0.05,105.9,103.9,91,0.286,0.297,0.54,0.501,14.2,25.9,0.213,0.495,13.5,77.7,0.21,19305
2016,Washington Wizards,FALSE,27.3,0,105.3,105.8,98.5,0.263,0.282,0.544,0.511,13.1,20.6,0.192,0.515,14.6,77.7,0.218,17693
2015,Atlanta Hawks,TRUE,27.8,-0.68,108.9,103.1,93.9,0.259,0.321,0.563,0.527,13.5,21.4,0.201,0.492,14.9,73.4,0.185,17412
2015,Boston Celtics,TRUE,25,-0.56,104.7,104.5,95.8,0.233,0.28,0.523,0.489,12.5,24.7,0.176,0.494,13.7,75,0.208,17594
2015,Brooklyn Nets,TRUE,28.6,-0.25,104.4,107.4,92.7,0.267,0.24,0.529,0.491,13,23.9,0.2,0.506,12.9,73.7,0.185,17037
2015,Chicago Bulls,TRUE,28.8,-0.46,107.5,104.3,92.8,0.304,0.269,0.536,0.489,12.9,27,0.238,0.473,11.3,74.4,0.182,21625
2015,Charlotte Hornets,FALSE,26,-0.27,100.1,103.5,93,0.269,0.226,0.498,0.456,11.2,22.1,0.202,0.487,12,79.3,0.188,17192
2015,Cleveland Cavaliers,TRUE,26.9,-0.4,111.1,106.3,92.3,0.287,0.334,0.557,0.52,13.4,26.8,0.216,0.502,12.6,74.7,0.177,20562
2015,Dallas Mavericks,TRUE,29.9,0.46,109.5,106.4,95.2,0.262,0.296,0.55,0.515,11.9,23.6,0.197,0.503,14.7,72.2,0.204,20188
2015,Denver Nuggets,FALSE,26.4,0.48,104.5,108.2,96.1,0.278,0.284,0.518,0.479,12.7,26.6,0.204,0.504,13,74.7,0.239,14700
2015,Detroit Pistons,FALSE,25.9,-0.39,105.3,106.4,92.8,0.261,0.29,0.515,0.482,12.3,27.7,0.184,0.502,13.2,75,0.192,15266
2015,Golden State Warriors,TRUE,26.6,-0.09,111.6,101.4,98.3,0.239,0.311,0.571,0.54,13.1,24.1,0.184,0.47,14.3,74.5,0.217,19596
2015,Houston Rockets,TRUE,27.6,0.38,107,103.4,96.5,0.312,0.392,0.548,0.512,15,26.8,0.223,0.486,14.6,72.9,0.208,18230
2015,Indiana Pacers,FALSE,28.3,-0.51,103.5,103.2,93.2,0.266,0.255,0.523,0.484,13.1,24,0.201,0.478,12,77.9,0.217,16864
2015,Los Angeles Clippers,TRUE,28.8,0.22,112.4,105.5,94.7,0.303,0.322,0.565,0.533,11.6,22.8,0.215,0.493,13.2,75.7,0.231,19168
2015,Los Angeles Lakers,FALSE,27,0.67,103.4,110.6,94,0.276,0.22,0.513,0.473,12.1,25.4,0.204,0.518,12.1,76.3,0.231,18738
2015,Memphis Grizzlies,TRUE,29.6,0.38,105.7,102.2,92,0.276,0.184,0.531,0.489,12.6,24.7,0.214,0.492,14.5,75.3,0.183,17329
2015,Miami Heat,FALSE,28.5,-0.32,103.9,106.7,90.9,0.306,0.262,0.54,0.5,14.5,23.2,0.227,0.505,14.2,73.4,0.213,19713
2015,Milwaukee Bucks,TRUE,24.6,-0.52,102.7,102.2,94.1,0.258,0.223,0.536,0.499,15.5,25.4,0.195,0.487,15.9,73.3,0.221,14813
2015,Minnesota Timberwolves,FALSE,24.4,0.79,102.9,112.2,94.4,0.309,0.179,0.517,0.468,13.7,26.6,0.24,0.537,13.9,71.6,0.187,14416
2015,New Orleans Pelicans,TRUE,25.3,0.34,108.2,107.3,91.4,0.263,0.233,0.537,0.501,12.5,27.1,0.198,0.496,11.7,75.1,0.195,16677
2015,New York Knicks,FALSE,26.9,-0.18,99.9,110,91.2,0.234,0.24,0.508,0.47,14,24.5,0.18,0.512,13.3,73.1,0.234,19812
2015,Oklahoma City Thunder,FALSE,25.4,0.28,107.8,105.5,95.7,0.284,0.262,0.532,0.492,13.1,28.9,0.214,0.489,12.4,75.6,0.213,18203
2015,Orlando Magic,FALSE,24.3,-0.15,101.6,107.7,93.8,0.23,0.235,0.524,0.494,14,23.1,0.168,0.514,13.6,76,0.21,16785
2015,Philadelphia 76ers,FALSE,23.2,-0.07,95.5,104.8,95.7,0.288,0.319,0.494,0.459,16,25.5,0.195,0.497,15.2,73,0.225,13941
2015,Phoenix Suns,FALSE,25.7,0.52,105.3,106.2,96.3,0.251,0.291,0.537,0.501,13.7,24.5,0.191,0.497,14,73.5,0.221,16923
2015,Portland Trail Blazers,TRUE,27,0.18,108.2,103.7,94.2,0.225,0.316,0.544,0.508,12.6,24.2,0.18,0.476,11.3,76.2,0.182,19472
2015,Sacramento Kings,FALSE,26,0.64,105.3,109.2,95.4,0.363,0.204,0.542,0.49,14.8,26.5,0.276,0.507,11.8,75.2,0.2,16587
2015,San Antonio Spurs,TRUE,29.8,0.14,108.5,102,93.8,0.256,0.269,0.555,0.517,13.1,23.4,0.2,0.484,13.3,77.3,0.19,18606
2015,Toronto Raptors,TRUE,26.1,-0.62,111,107.7,92.8,0.295,0.302,0.553,0.508,12,25.6,0.232,0.506,13.4,73.3,0.208,19752
2015,Utah Jazz,FALSE,23.4,0.49,105.1,104.9,90.4,0.297,0.274,0.531,0.494,14.6,29.1,0.214,0.491,12.8,76.3,0.199,18831
2015,Washington Wizards,TRUE,28.6,-0.55,103.7,103,93.7,0.259,0.203,0.534,0.499,14,24.9,0.192,0.481,12.9,77.3,0.21,18239
2014,Atlanta Hawks,TRUE,27.5,-0.4,105.9,106.4,94.6,0.266,0.316,0.554,0.515,14.3,21,0.208,0.51,14,74.4,0.196,14231
2014,Boston Celtics,FALSE,25.4,-0.51,102.9,107.7,93.3,0.248,0.251,0.517,0.477,14.2,27.4,0.193,0.505,13.4,74.2,0.227,18107
2014,Brooklyn Nets,TRUE,30,-0.58,106.7,107.7,91.4,0.313,0.301,0.555,0.514,14.1,21.7,0.236,0.509,14.9,72.3,0.236,17252
2014,Charlotte Bobcats,TRUE,25.5,-0.67,103.6,103.8,92.4,0.297,0.219,0.522,0.481,11.7,21.9,0.219,0.491,12.6,77.6,0.183,15519
2014,Chicago Bulls,TRUE,28.6,-0.66,102.5,100.5,90.2,0.29,0.222,0.518,0.471,14.2,27.2,0.226,0.471,13.7,75.4,0.189,21716
2014,Cleveland Cavaliers,FALSE,24.9,-0.57,104.2,107.7,93.1,0.268,0.236,0.518,0.479,13,27.2,0.201,0.508,13,75.8,0.199,17330
2014,Dallas Mavericks,TRUE,30.6,0.5,111.2,108.7,93.5,0.253,0.274,0.564,0.526,12.7,24.6,0.201,0.515,14.8,72.7,0.229,19951
2014,Denver Nuggets,FALSE,26,0.75,106,108.2,98.1,0.306,0.278,0.536,0.497,14,27.5,0.222,0.5,12.8,74.5,0.233,16900
2014,Detroit Pistons,FALSE,24.7,-0.48,105.9,109.7,94.9,0.296,0.222,0.514,0.482,12.9,31.4,0.199,0.52,13.8,73.4,0.218,15025
2014,Golden State Warriors,TRUE,26.3,0.34,107.5,102.6,96.2,0.247,0.291,0.55,0.517,13.8,25.1,0.186,0.477,13.6,76.3,0.224,19596
2014,Houston Rockets,TRUE,25.4,0.5,111,106.3,96.3,0.386,0.33,0.571,0.531,14.6,27.4,0.275,0.489,12.5,74.1,0.193,18124
2014,Indiana Pacers,TRUE,27.2,-0.77,104.1,99.3,92.5,0.29,0.235,0.535,0.49,14.3,24.9,0.226,0.46,12.9,76.8,0.197,17501
2014,Los Angeles Clippers,TRUE,28.1,0.3,112.1,104.8,95.9,0.353,0.291,0.567,0.526,12.7,25,0.258,0.484,13.8,72.5,0.222,19212
2014,Los Angeles Lakers,FALSE,26.8,0.96,104.2,110.6,98.7,0.263,0.291,0.542,0.505,13.7,20.2,0.199,0.513,12.4,71,0.192,18829
2014,Memphis Grizzlies,TRUE,28.5,0.61,106.3,104.6,89.9,0.248,0.171,0.529,0.494,13.1,28.3,0.184,0.497,13.8,75.7,0.199,16718
2014,Miami Heat,TRUE,30.6,-0.61,110.9,105.8,91.2,0.3,0.292,0.59,0.554,14.6,20.6,0.228,0.511,15.8,73,0.212,19781
2014,Milwaukee Bucks,FALSE,24.7,-0.23,103,111.8,91.8,0.274,0.231,0.519,0.479,14.1,27.1,0.204,0.52,13.2,71.4,0.225,13465
2014,Minnesota Timberwolves,FALSE,26.3,0.43,108.9,106.2,97.3,0.321,0.245,0.535,0.486,12.2,27.4,0.249,0.518,14.8,74.4,0.177,14565
2014,New Orleans Pelicans,FALSE,24.3,0.73,107.2,110.1,92.2,0.286,0.193,0.537,0.495,12.9,26.9,0.22,0.515,13.6,73.8,0.249,16391
2014,New York Knicks,FALSE,28.3,-0.61,108.3,109.1,90.3,0.248,0.302,0.541,0.505,12.5,25.1,0.189,0.514,14,74.3,0.245,19812
2014,Oklahoma City Thunder,TRUE,26.2,0.32,110.5,103.9,95.4,0.303,0.271,0.566,0.52,14,26.5,0.244,0.488,13.9,75.6,0.221,18203
2014,Orlando Magic,FALSE,24.6,-0.44,101.7,107.4,93.6,0.253,0.235,0.525,0.487,13.9,22.4,0.193,0.504,13,75.5,0.211,16245
2014,Philadelphia 76ers,FALSE,23.4,-0.21,99.4,109.9,99.2,0.268,0.258,0.51,0.475,14.8,24.8,0.19,0.524,14.9,72.4,0.244,13869
2014,Phoenix Suns,FALSE,26.2,0.39,109.5,106.7,95.8,0.293,0.3,0.558,0.519,14,26.4,0.222,0.496,13.9,73.7,0.237,15872
2014,Portland Trail Blazers,TRUE,25.8,0.45,111.5,107.4,94.9,0.27,0.29,0.548,0.504,12.4,28,0.22,0.488,10.9,74.7,0.194,19747
2014,Sacramento Kings,FALSE,24.9,0.82,105.7,108.8,94.4,0.331,0.218,0.532,0.484,13.9,27.8,0.251,0.512,12.7,76.6,0.234,16291
2014,San Antonio Spurs,TRUE,28.9,0.28,110.5,102.4,95,0.24,0.257,0.571,0.537,13.5,22.7,0.188,0.482,12.8,76.4,0.184,18415
2014,Toronto Raptors,TRUE,25.6,-0.69,108.8,105.3,91.8,0.306,0.285,0.545,0.498,13.2,27.2,0.239,0.493,14.1,74.9,0.237,18252
2014,Utah Jazz,FALSE,24.5,0.91,103.5,111.3,91.4,0.271,0.237,0.523,0.484,13.9,25.5,0.202,0.518,12.1,74.5,0.227,18176
2014,Washington Wizards,TRUE,26.3,-0.79,106,104.6,93.2,0.248,0.246,0.538,0.506,13.6,25.2,0.181,0.504,15,75.7,0.22,17026
2013,Atlanta Hawks,TRUE,27.1,-0.48,104.8,104.4,92.6,0.244,0.286,0.546,0.517,14.2,22.2,0.174,0.496,14.2,73.6,0.181,15126
2013,Boston Celtics,TRUE,29.1,-0.4,103.1,103.3,91.7,0.263,0.215,0.542,0.503,14.1,20.1,0.204,0.482,14.2,73.3,0.216,18624
2013,Brooklyn Nets,TRUE,28.6,-0.53,108.2,106.2,88.8,0.299,0.269,0.536,0.498,14,30.9,0.219,0.503,13.1,73.7,0.174,17188
2013,Charlotte Bobcats,FALSE,24.4,-0.06,101.5,111.5,91.5,0.31,0.21,0.507,0.46,13.2,25.7,0.233,0.524,13.2,71.1,0.197,15324
2013,Chicago Bulls,TRUE,28,-0.33,103.5,103.2,89.3,0.259,0.189,0.512,0.47,13.6,29.4,0.201,0.477,13.2,73.6,0.206,21877
2013,Cleveland Cavaliers,FALSE,24.1,-0.19,104.3,109.4,92.3,0.265,0.229,0.514,0.473,13,28.1,0.2,0.523,14.4,72.6,0.225,16192
2013,Dallas Mavericks,FALSE,29.5,0.36,105.9,106.5,94.1,0.242,0.236,0.544,0.506,13,21.8,0.192,0.492,13.3,73.1,0.227,20036
2013,Denver Nuggets,TRUE,26.1,0.28,110.4,105.1,95.1,0.308,0.217,0.549,0.515,13.6,31.4,0.216,0.493,14.3,71.8,0.193,17820
2013,Detroit Pistons,FALSE,25.3,-0.34,103.8,108.1,90.8,0.282,0.217,0.521,0.487,14.3,28.3,0.197,0.505,13.1,73,0.209,14685
2013,Golden State Warriors,TRUE,25.3,0.42,106.4,105.5,94.5,0.255,0.239,0.545,0.506,14,25.4,0.201,0.486,12.4,75.5,0.211,19374
2013,Houston Rockets,TRUE,24.4,0.22,109.7,106.1,96.1,0.308,0.349,0.564,0.525,14.9,26.4,0.232,0.502,13.5,75.2,0.196,16672
2013,Indiana Pacers,TRUE,25.7,-0.69,104.3,99.8,90.2,0.293,0.245,0.521,0.479,14.3,30.3,0.219,0.453,12.9,74.6,0.197,15270
2013,Los Angeles Clippers,TRUE,28.8,-0.02,110.6,103.6,91.1,0.286,0.265,0.557,0.526,13.9,28.8,0.203,0.492,15.4,73.5,0.229,19227
2013,Los Angeles Lakers,TRUE,30.7,0.32,107.8,106.6,94.4,0.345,0.303,0.548,0.512,13.9,27,0.239,0.496,11.9,74.3,0.163,18997
2013,Memphis Grizzlies,TRUE,27,0.18,104.9,100.3,88.4,0.261,0.166,0.514,0.472,13.3,31,0.202,0.475,15.2,74.3,0.209,16625
2013,Miami Heat,TRUE,30.3,-0.84,112.3,103.7,90.7,0.297,0.285,0.588,0.552,13.7,22.2,0.224,0.487,14.8,73,0.2,19983
2013,Milwaukee Bucks,TRUE,26.4,-0.33,103.6,105.2,94.7,0.236,0.232,0.51,0.476,12.7,27.9,0.174,0.492,14.4,71.3,0.201,15036
2013,Minnesota Timberwolves,FALSE,26.4,0.54,102.9,105.4,92.8,0.305,0.22,0.516,0.473,13.8,27.4,0.226,0.511,15,74,0.187,16340
2013,New Orleans Hornets,FALSE,24,0.75,105.7,110.1,88.5,0.248,0.224,0.528,0.489,14,29.2,0.193,0.52,13.1,74.4,0.208,13803
2013,New York Knicks,TRUE,30.2,-0.5,111.1,106.3,89.8,0.258,0.354,0.55,0.515,11.7,25.6,0.196,0.508,14.8,74.7,0.216,19033
2013,Oklahoma City Thunder,TRUE,26,-0.06,112.4,102.6,93.3,0.338,0.244,0.58,0.527,14.4,26.7,0.28,0.469,13.5,73.4,0.197,18203
2013,Orlando Magic,FALSE,24.6,-0.14,101.6,109.1,92.2,0.197,0.223,0.514,0.485,13.7,25.4,0.149,0.508,11.8,74.6,0.195,17627
2013,Philadelphia 76ers,FALSE,25.2,-0.17,102,105.7,91,0.2,0.209,0.509,0.481,12.5,24.9,0.146,0.495,13.7,73.4,0.2,16717
2013,Phoenix Suns,FALSE,26.9,0.71,101.2,108.1,93.4,0.234,0.21,0.512,0.477,14.3,27,0.174,0.512,14.2,71.9,0.208,15437
2013,Portland Trail Blazers,FALSE,24.4,0.65,105.8,109.2,91.4,0.25,0.284,0.536,0.498,13.9,25.3,0.194,0.512,12.5,73.3,0.189,19830
2013,Sacramento Kings,FALSE,25.6,0.62,106.2,111.4,93.6,0.271,0.243,0.532,0.491,13.4,26.6,0.208,0.517,13.6,71,0.227,13750
2013,San Antonio Spurs,TRUE,28.6,0.27,108.3,101.6,94.2,0.258,0.264,0.568,0.531,14,20.5,0.204,0.48,13.7,74.9,0.179,18432
2013,Toronto Raptors,FALSE,25.4,-0.48,105.9,107.5,90.4,0.274,0.249,0.532,0.488,13,25.5,0.216,0.5,13.6,73.4,0.247,18145
2013,Utah Jazz,FALSE,26.3,0.38,106.7,106.8,90.9,0.281,0.206,0.533,0.492,13.8,28.8,0.214,0.501,14,73.2,0.226,18632
2013,Washington Wizards,FALSE,25.4,-0.25,100.2,103,92.2,0.261,0.223,0.512,0.475,14.2,24.6,0.191,0.483,13.7,74.6,0.206,16343
2012,Atlanta Hawks,TRUE,27.9,-0.77,104.9,101.2,90.2,0.259,0.249,0.535,0.5,13.4,23.9,0.192,0.48,14.4,74.4,0.186,15200
2012,Boston Celtics,TRUE,29.3,-0.26,101,98.2,90.4,0.257,0.194,0.535,0.496,14.7,19.7,0.2,0.452,14.9,72.4,0.216,18624
2012,Charlotte Bobcats,FALSE,24.5,-0.05,95.2,110.4,91.1,0.276,0.169,0.483,0.439,13.9,23.6,0.206,0.512,12.8,70.9,0.206,14757
2012,Chicago Bulls,TRUE,27.1,-0.76,107.4,98.3,89.1,0.255,0.205,0.523,0.49,13.2,32.6,0.184,0.45,12.8,74.3,0.175,22161
2012,Cleveland Cavaliers,FALSE,26,-0.14,101.1,108.9,91.3,0.307,0.238,0.505,0.463,14.3,28.9,0.22,0.508,13.1,72.2,0.202,15927
2012,Dallas Mavericks,TRUE,31.3,0.83,103.3,102.3,91.4,0.246,0.271,0.527,0.489,13.4,23.4,0.19,0.479,13.9,74.8,0.203,20335
2012,Denver Nuggets,TRUE,26.6,0.29,109.2,106.2,94.2,0.326,0.243,0.556,0.516,14.1,27.7,0.239,0.508,14.3,74.3,0.185,17029
2012,Detroit Pistons,FALSE,26.3,-0.4,101,106.3,89.2,0.279,0.175,0.51,0.468,15,28.1,0.21,0.5,14.2,72.8,0.226,14413
2012,Golden State Warriors,FALSE,25.3,0.62,105.4,109.1,92.3,0.227,0.248,0.539,0.505,13.3,22.9,0.175,0.496,13.6,69.1,0.237,18858
2012,Houston Rockets,FALSE,26.2,0.35,105.5,105.2,91.7,0.235,0.24,0.529,0.492,13.5,27.5,0.184,0.49,13.8,73.4,0.21,15363
2012,Indiana Pacers,TRUE,26.3,-0.71,106.7,103.1,90.7,0.321,0.198,0.526,0.474,13.1,29.2,0.251,0.476,14.1,72.3,0.222,14169
2012,Los Angeles Clippers,TRUE,27.3,0.26,108.5,105.7,89.2,0.287,0.269,0.533,0.502,12.7,29.5,0.195,0.492,14.2,73.2,0.245,19219
2012,Los Angeles Lakers,TRUE,29.7,0.54,106,104.4,90.5,0.299,0.209,0.534,0.491,14.2,29.1,0.226,0.476,10.7,74.8,0.158,18997
2012,Memphis Grizzlies,TRUE,25.6,0.42,104,101.8,90.8,0.277,0.157,0.515,0.473,13.6,29.8,0.211,0.485,16.3,72.7,0.227,15710
2012,Miami Heat,TRUE,28.3,-0.27,106.6,100.2,91.2,0.307,0.198,0.549,0.505,14.5,26.6,0.238,0.479,15.8,73.9,0.2,19935
2012,Milwaukee Bucks,FALSE,26.2,-0.5,105.5,105.2,93.7,0.25,0.224,0.521,0.481,12.9,27.7,0.194,0.489,14.6,70.9,0.217,14719
2012,Minnesota Timberwolves,FALSE,24.4,0.37,104.3,106.6,93.3,0.306,0.262,0.524,0.477,14,27.5,0.236,0.491,12.2,73,0.187,17491
2012,New Jersey Nets,FALSE,26.1,-0.39,102.9,109.6,90.1,0.269,0.278,0.516,0.473,14.3,27.8,0.209,0.513,13.7,70.7,0.209,13961
2012,New Orleans Hornets,FALSE,25.5,0.65,100.9,105.1,88.3,0.274,0.152,0.517,0.476,15.2,27.5,0.207,0.485,13.5,73.1,0.218,15110
2012,New York Knicks,TRUE,26.3,-0.81,104.4,101,93.2,0.306,0.288,0.533,0.492,14.9,26.6,0.227,0.485,15.9,73.7,0.224,19763
2012,Oklahoma City Thunder,TRUE,25.1,0.32,109.8,103.2,93,0.334,0.252,0.567,0.516,15.3,27.8,0.269,0.465,13,72.1,0.207,18203
2012,Orlando Magic,TRUE,27.5,-0.33,105,104.1,89,0.292,0.346,0.533,0.506,14.5,26.5,0.193,0.488,12.9,75.5,0.19,18897
2012,Philadelphia 76ers,TRUE,24.9,-0.65,103.9,99.2,89.7,0.217,0.175,0.511,0.48,10.9,24.4,0.161,0.46,13.5,75.2,0.192,17503
2012,Phoenix Suns,FALSE,28.9,0.53,106.2,106.5,92.6,0.257,0.238,0.536,0.499,13.3,25.8,0.194,0.491,13.1,71.7,0.2,15598
2012,Portland Trail Blazers,FALSE,27.5,0.41,105.7,106.4,91.2,0.263,0.255,0.531,0.488,13.4,26.3,0.209,0.504,14.1,72.8,0.199,20496
2012,Sacramento Kings,FALSE,24.3,0.73,103.8,109.8,94.7,0.268,0.228,0.51,0.472,13,29.1,0.197,0.515,13.9,70.5,0.199,14508
2012,San Antonio Spurs,TRUE,27.5,0.11,110.9,103.2,92.9,0.261,0.257,0.562,0.528,12.8,25.1,0.195,0.489,12.9,76,0.168,18397
2012,Toronto Raptors,FALSE,25.7,-0.36,100.8,104.5,89.3,0.274,0.209,0.518,0.475,14.8,25.9,0.211,0.475,12.8,75.4,0.26,16836
2012,Utah Jazz,TRUE,25.6,0.3,106.8,106.1,91.4,0.302,0.153,0.525,0.481,13,30.2,0.227,0.493,13.8,73.8,0.245,19307
2012,Washington Wizards,FALSE,24.2,-0.34,101,106.2,92.5,0.253,0.196,0.508,0.472,14.2,27.3,0.184,0.492,14.2,70.9,0.229,16728
2011,Atlanta Hawks,TRUE,27.4,-0.28,106.1,107,89.3,0.269,0.222,0.542,0.501,13.5,23.4,0.209,0.495,12.3,74.6,0.211,15649
2011,Boston Celtics,TRUE,29.5,-0.54,106.2,100.3,90.4,0.305,0.18,0.561,0.519,14.5,21.1,0.235,0.469,14.8,74.7,0.235,18624
2011,Charlotte Bobcats,FALSE,26.9,-0.08,103.4,107.8,89.6,0.314,0.189,0.528,0.482,14.1,25.7,0.237,0.5,12.9,75.2,0.229,15846
2011,Chicago Bulls,TRUE,26.4,-0.79,108.3,100.3,90.4,0.305,0.215,0.541,0.501,13.5,29.4,0.227,0.463,13.6,76.2,0.222,21792
2011,Cleveland Cavaliers,FALSE,26.6,0.14,102.2,111.8,93,0.312,0.224,0.518,0.472,13.4,24.2,0.233,0.524,12.7,73.3,0.211,20112
2011,Dallas Mavericks,TRUE,30.9,0.18,109.7,105,91.3,0.286,0.274,0.565,0.525,13.6,24.1,0.222,0.488,13,74.8,0.206,20102
2011,Denver Nuggets,TRUE,27.3,0.05,112.3,107.3,95.6,0.367,0.258,0.574,0.526,13.1,23.9,0.281,0.5,12.7,75.4,0.224,16989
2011,Detroit Pistons,FALSE,27.2,-0.18,107.7,111.7,89.2,0.279,0.189,0.533,0.495,12.5,27.4,0.206,0.526,13.8,72.1,0.235,16660
2011,Golden State Warriors,FALSE,25.2,0.33,108.2,110.7,94.8,0.241,0.248,0.544,0.51,13.3,26.7,0.183,0.509,14.5,69.3,0.259,18693
2011,Houston Rockets,FALSE,26.5,0.19,111.3,109,94.2,0.299,0.264,0.55,0.503,12.3,27.4,0.239,0.5,12.6,72.7,0.219,16191
2011,Indiana Pacers,TRUE,25.9,-0.3,104.8,106,94.7,0.3,0.244,0.533,0.486,14.1,25.9,0.235,0.487,12.8,74.1,0.237,13538
2011,Los Angeles Clippers,FALSE,24.6,0.42,105.3,108.7,92.8,0.332,0.23,0.535,0.496,15.1,28.4,0.234,0.499,12.8,73.2,0.25,17743
2011,Los Angeles Lakers,TRUE,30.2,-0.1,111,104.3,90.7,0.293,0.22,0.545,0.502,12.3,29.2,0.228,0.477,12.8,72.3,0.181,18997
2011,Memphis Grizzlies,TRUE,25.2,0.2,107.6,105.1,91.9,0.291,0.136,0.534,0.493,13,28.9,0.218,0.502,15.7,72.5,0.228,14651
2011,Miami Heat,TRUE,29,-0.71,111.7,103.5,90.9,0.363,0.235,0.573,0.524,13.5,25.2,0.279,0.475,12.6,75.5,0.223,19779
2011,Milwaukee Bucks,FALSE,26.7,-0.17,101.6,102.5,89.8,0.287,0.216,0.511,0.467,13,24.7,0.217,0.481,14.7,74.8,0.236,15412
2011,Minnesota Timberwolves,FALSE,23.8,0.67,104.2,111.1,96.5,0.282,0.223,0.526,0.483,15.1,29.6,0.217,0.514,13.1,73.7,0.251,15243
2011,New Jersey Nets,FALSE,24.8,-0.04,103.1,109.9,89.9,0.283,0.201,0.517,0.474,13.4,26.1,0.215,0.503,11.8,74.2,0.241,13949
2011,New Orleans Hornets,TRUE,26.3,0.39,106.2,105.2,88.7,0.296,0.192,0.537,0.493,12.8,25.1,0.226,0.501,14.4,76.2,0.22,14709
2011,New York Knicks,TRUE,25.3,-0.3,110.9,110.1,95.6,0.304,0.303,0.561,0.513,12.6,24.2,0.246,0.511,13.8,71.9,0.24,19729
2011,Oklahoma City Thunder,TRUE,23.7,0.02,111.2,107.2,92.7,0.363,0.212,0.561,0.501,13.1,27.4,0.299,0.493,12.9,73.6,0.228,18148
2011,Orlando Magic,TRUE,27.6,-0.54,107.9,102,91.2,0.328,0.328,0.554,0.521,14.3,26.1,0.227,0.475,13.3,76.9,0.219,18972
2011,Philadelphia 76ers,TRUE,24.7,-0.5,106.6,105,91.7,0.273,0.184,0.535,0.494,12.3,24.6,0.21,0.487,13.5,74.5,0.231,14752
2011,Phoenix Suns,FALSE,29.6,0.43,109.5,110.4,94.4,0.283,0.271,0.559,0.522,13.2,23.7,0.215,0.513,13.1,71.6,0.211,17567
2011,Portland Trail Blazers,TRUE,26.7,0.32,108.8,107.1,87.9,0.278,0.228,0.533,0.486,12.6,29.5,0.224,0.51,15.4,72,0.231,20510
2011,Sacramento Kings,FALSE,24.8,0.54,103.5,109,95.2,0.284,0.183,0.519,0.48,14.4,29.9,0.208,0.513,13.5,74.4,0.233,13890
2011,San Antonio Spurs,TRUE,28.8,0.16,111.8,105.6,92.3,0.299,0.261,0.567,0.527,12.8,24.9,0.229,0.491,12.6,74.6,0.19,18314
2011,Toronto Raptors,FALSE,24.5,0.01,106.1,112.9,92.9,0.293,0.162,0.533,0.491,13.7,28.2,0.221,0.522,13,72,0.251,16592
2011,Utah Jazz,FALSE,26.8,0.39,108.1,110.1,91,0.313,0.191,0.544,0.498,13.5,27,0.241,0.505,13.8,71.7,0.275,19512
2011,Washington Wizards,FALSE,24.9,0.11,102.4,110.2,93.8,0.29,0.172,0.513,0.471,13.9,28,0.216,0.512,14.4,70.5,0.249,16792
2010,Atlanta Hawks,TRUE,26.5,-0.22,111.9,106.7,90.1,0.281,0.214,0.545,0.506,11.4,28.2,0.213,0.496,13.2,72.7,0.208,16546
2010,Boston Celtics,TRUE,29.4,-0.29,107.7,103.8,91.6,0.332,0.228,0.564,0.522,14.5,22.8,0.248,0.487,14.9,73.8,0.251,18624
2010,Charlotte Bobcats,TRUE,27.4,-0.17,104.4,102.8,90.4,0.346,0.211,0.538,0.49,15.1,26.5,0.26,0.491,14.7,74.2,0.194,15818
2010,Chicago Bulls,TRUE,26.2,0,103.5,105.3,93.1,0.287,0.156,0.52,0.477,13.3,26.6,0.217,0.484,12.3,74.8,0.212,20726
2010,Cleveland Cavaliers,TRUE,28,-0.36,111.2,104.1,91.4,0.341,0.248,0.57,0.532,13.4,25.1,0.246,0.482,12.3,77.2,0.218,20562
2010,Dallas Mavericks,TRUE,30.7,-0.06,109.2,106.3,92.5,0.277,0.222,0.552,0.506,12.3,24.3,0.226,0.495,13.6,73.7,0.206,19994
2010,Denver Nuggets,TRUE,27.7,0.06,111.8,107.5,94.8,0.376,0.227,0.561,0.509,12.7,26.1,0.29,0.495,13.8,72.4,0.251,17983
2010,Detroit Pistons,FALSE,26.7,0.09,105.6,111.4,88.5,0.303,0.18,0.515,0.474,12.8,30.3,0.22,0.526,14.2,73.4,0.264,18752
2010,Golden State Warriors,FALSE,25.1,0.32,108.1,111.7,100.4,0.294,0.238,0.557,0.514,13.1,20.9,0.23,0.525,15.1,68.5,0.26,18027
2010,Houston Rockets,FALSE,26,0.35,107.6,108,94,0.292,0.265,0.537,0.494,13.2,26.9,0.225,0.511,13.6,73.8,0.215,16528
2010,Indiana Pacers,FALSE,26.6,-0.1,103.7,106.8,97.1,0.296,0.278,0.536,0.491,13.8,21.6,0.229,0.49,13.4,73,0.258,14202
2010,Los Angeles Clippers,FALSE,27.3,0.34,103.3,110.1,92.6,0.283,0.221,0.529,0.491,14.8,27.1,0.206,0.509,12.2,74,0.214,16343
2010,Los Angeles Lakers,TRUE,28.4,0.06,108.8,103.7,92.8,0.289,0.227,0.538,0.496,12.4,27.6,0.221,0.484,13.2,74.4,0.195,18997
2010,Memphis Grizzlies,FALSE,24.1,0.13,108.3,109.9,93.6,0.32,0.148,0.536,0.494,13.7,31.3,0.235,0.52,13.2,73.3,0.205,13486
2010,Miami Heat,TRUE,27.1,-0.29,106.6,104.1,89.6,0.296,0.219,0.537,0.496,12.8,26.1,0.223,0.48,13.9,74.9,0.246,17730
2010,Milwaukee Bucks,TRUE,26.4,-0.32,104.9,103.1,91.7,0.239,0.259,0.518,0.482,12.3,26.2,0.181,0.486,14.6,76.4,0.266,15109
2010,Minnesota Timberwolves,FALSE,24.1,0.54,101.7,111.6,96.1,0.278,0.171,0.518,0.478,14.6,26.7,0.207,0.525,13,73.6,0.22,15102
2010,New Jersey Nets,FALSE,24.8,0.19,100.6,110.5,91.4,0.307,0.181,0.509,0.458,13.7,25.1,0.24,0.517,13.3,71.8,0.229,13103
2010,New Orleans Hornets,FALSE,27.5,0.19,107.4,110.1,92.6,0.243,0.23,0.543,0.506,12.7,24.8,0.189,0.523,13.5,73.8,0.205,15058
2010,New York Knicks,FALSE,25.4,-0.19,107.6,111.6,94,0.256,0.312,0.547,0.509,13,23.5,0.2,0.526,13.3,72.1,0.207,19501
2010,Oklahoma City Thunder,TRUE,23.2,0.06,108.3,104.6,93.1,0.333,0.185,0.547,0.494,13.9,28.6,0.268,0.483,14,73.6,0.229,18004
2010,Orlando Magic,TRUE,27.9,-0.37,111.4,103.3,92,0.34,0.35,0.573,0.536,13.6,24.6,0.246,0.477,12.2,77.4,0.205,17461
2010,Philadelphia 76ers,FALSE,25.4,-0.03,106.1,110.3,91.6,0.27,0.206,0.534,0.496,13.7,27.6,0.204,0.518,13.8,73.2,0.231,14225
2010,Phoenix Suns,TRUE,28.5,-0.23,115.3,110.2,95.3,0.312,0.261,0.585,0.546,13.6,27.6,0.24,0.491,11.6,70.8,0.224,17648
2010,Portland Trail Blazers,TRUE,26.6,-0.13,110.8,107.1,87.7,0.315,0.215,0.547,0.499,12.1,28.2,0.249,0.502,13.3,74.8,0.219,20497
2010,Sacramento Kings,FALSE,24.1,0.3,105.3,109.9,94,0.286,0.201,0.528,0.491,13.6,27.8,0.207,0.505,12.6,73.5,0.244,13254
2010,San Antonio Spurs,TRUE,28.7,-0.02,110,104.5,91.7,0.296,0.232,0.552,0.515,12.9,26.8,0.219,0.483,12.1,76.3,0.214,18090
2010,Toronto Raptors,FALSE,25.2,-0.05,111.3,113.2,93.1,0.319,0.211,0.564,0.521,12.7,24.7,0.244,0.513,11.8,72.9,0.247,17897
2010,Utah Jazz,TRUE,25.6,-0.01,110.7,105,93.8,0.34,0.184,0.565,0.524,14.2,26.8,0.252,0.492,14.2,75.6,0.269,19378
2010,Washington Wizards,FALSE,27.6,0.06,104.2,109.4,91.6,0.283,0.183,0.524,0.481,13.9,27.6,0.216,0.502,12.8,72.4,0.239,16205
2009,Atlanta Hawks,TRUE,25.8,0.13,109.3,107.6,89.6,0.323,0.253,0.546,0.504,12.5,26,0.238,0.494,13.2,71.6,0.21,16748
2009,Boston Celtics,TRUE,27.8,-0.07,110.5,102.3,90.4,0.328,0.214,0.571,0.528,15,27.9,0.251,0.47,14,75.6,0.253,18624
2009,Charlotte Bobcats,FALSE,25.8,0.07,104.7,106.1,88.3,0.312,0.213,0.536,0.494,15.1,27.7,0.231,0.498,14.4,73,0.229,14574
2009,Chicago Bulls,TRUE,24.9,0.12,108.4,108.7,93.1,0.3,0.189,0.541,0.493,13.3,28,0.239,0.493,13.1,70.9,0.238,21187
2009,Cleveland Cavaliers,TRUE,26.6,-0.25,112.4,102.4,88.7,0.312,0.259,0.56,0.519,12.5,27.7,0.236,0.468,13.5,74.6,0.226,20512
2009,Dallas Mavericks,TRUE,29,-0.3,110.5,108.4,91.5,0.274,0.241,0.55,0.504,12.1,26.6,0.224,0.493,12.3,74.6,0.225,20042
2009,Denver Nuggets,TRUE,27.7,-0.29,110.4,106.8,94.3,0.382,0.227,0.563,0.512,14.2,27.5,0.29,0.485,14.1,71.7,0.259,17224
2009,Detroit Pistons,TRUE,28.2,0.13,107.4,108,86.7,0.282,0.165,0.524,0.483,11.7,27.9,0.212,0.485,11.7,74,0.248,21877
2009,Golden State Warriors,FALSE,25,-0.06,109.5,113.3,98.2,0.339,0.209,0.549,0.497,12.9,26.1,0.268,0.508,12.9,68.1,0.251,18943
2009,Houston Rockets,TRUE,27.9,-0.27,108.4,104,90.2,0.292,0.254,0.548,0.501,13.6,26.4,0.235,0.479,11.9,75.3,0.192,17504
2009,Indiana Pacers,FALSE,26.5,0.35,108.1,109.2,96.5,0.267,0.244,0.545,0.501,13.1,25.4,0.215,0.499,12.7,74.5,0.271,14182
2009,Los Angeles Clippers,FALSE,26.6,0.3,102.3,111.7,92.1,0.275,0.226,0.52,0.481,14,25.1,0.202,0.512,12.4,71.2,0.227,16185
2009,Los Angeles Lakers,TRUE,27.4,-0.55,112.8,104.7,94.3,0.299,0.217,0.555,0.513,12.3,29.4,0.23,0.49,14.2,73,0.213,18997
2009,Memphis Grizzlies,FALSE,23.3,0.24,103.5,109.5,90.1,0.329,0.175,0.533,0.486,14.8,25.8,0.249,0.515,14.1,73.5,0.247,12680
2009,Miami Heat,TRUE,25.6,0.23,107.8,107.6,89.9,0.282,0.245,0.54,0.5,12.1,24.6,0.212,0.501,14.5,72.9,0.251,18263
2009,Milwaukee Bucks,FALSE,26.3,0.21,106.7,107.9,92.6,0.306,0.208,0.531,0.483,13.1,27.8,0.239,0.503,15.6,74,0.315,15390
2009,Minnesota Timberwolves,FALSE,25.4,0.18,106.1,111.4,91.6,0.289,0.227,0.526,0.481,13.3,27.7,0.222,0.515,12,75,0.254,14513
2009,New Jersey Nets,FALSE,25.7,0.13,108.3,111,89.9,0.303,0.265,0.543,0.497,12.7,25.2,0.236,0.509,13,73.5,0.272,15148
2009,New Orleans Hornets,TRUE,28.2,-0.14,108.7,107,87.8,0.288,0.24,0.548,0.501,12.5,24.6,0.232,0.496,13.2,74.9,0.23,16969
2009,New York Knicks,FALSE,25.7,0.28,108.1,110.8,96.7,0.268,0.322,0.544,0.503,12.9,24.4,0.21,0.52,13,72.7,0.215,19288
2009,Oklahoma City Thunder,FALSE,24.5,0.06,102.9,109.4,93.6,0.308,0.141,0.521,0.471,14.8,28.6,0.242,0.514,13,73.9,0.216,18704
2009,Orlando Magic,TRUE,27.3,-0.21,109.2,101.9,92.3,0.351,0.335,0.559,0.52,13.4,24,0.251,0.465,12.3,75.9,0.209,17043
2009,Philadelphia 76ers,TRUE,26.1,0.09,107.9,107.8,90,0.339,0.164,0.532,0.485,13.4,31.3,0.253,0.507,14.9,71.4,0.216,15802
2009,Phoenix Suns,FALSE,29.5,-0.31,113.6,111.6,96,0.336,0.216,0.584,0.545,14.4,27.7,0.25,0.511,12.8,71.7,0.233,18422
2009,Portland Trail Blazers,TRUE,24,-0.35,113.9,107.8,86.6,0.306,0.239,0.553,0.511,12.5,32.6,0.234,0.499,13.2,75,0.227,20524
2009,Sacramento Kings,FALSE,26.3,0.16,105.5,114.7,94.2,0.315,0.238,0.542,0.491,14.3,24.5,0.252,0.526,13,69.9,0.269,12687
2009,San Antonio Spurs,TRUE,30.4,-0.4,108.5,104.3,88.4,0.251,0.248,0.548,0.513,11.7,22.1,0.191,0.487,11.7,78,0.191,18269
2009,Toronto Raptors,FALSE,27,0.28,107,110,92,0.279,0.193,0.542,0.494,12.8,24,0.23,0.511,12.6,73.7,0.202,18773
2009,Utah Jazz,TRUE,25.5,-0.34,110.1,107.3,93.1,0.355,0.169,0.554,0.504,13.6,28.2,0.274,0.505,15,72.7,0.262,19903
2009,Washington Wizards,FALSE,26.9,0.48,105.4,113.6,91,0.293,0.18,0.524,0.48,13.2,27.7,0.224,0.533,13.3,71.4,0.227,16613
2008,Atlanta Hawks,TRUE,24.2,-0.41,106.9,108.9,91.1,0.34,0.165,0.535,0.483,14,29.7,0.263,0.501,12.9,71.7,0.217,16281
2008,Boston Celtics,TRUE,27.9,-0.95,110.2,98.9,90.9,0.346,0.249,0.569,0.522,14.7,26.6,0.267,0.457,15.2,74.4,0.253,18624
2008,Charlotte Bobcats,FALSE,26.3,-0.11,104.6,109.4,91.8,0.323,0.22,0.532,0.492,13.9,25.6,0.23,0.505,13.4,71,0.235,14717
2008,Chicago Bulls,FALSE,25.7,-0.11,103.9,107.2,93,0.296,0.19,0.515,0.47,13.4,28.9,0.223,0.496,14.2,73.1,0.258,21988
2008,Cleveland Cavaliers,TRUE,27.1,-0.17,106,106.4,90.2,0.308,0.231,0.52,0.48,13.1,30.4,0.221,0.494,12.9,75.9,0.24,20465
2008,Dallas Mavericks,TRUE,28.9,0.16,111.1,106.1,90.2,0.318,0.215,0.554,0.502,12.3,26.7,0.259,0.474,11.7,75,0.252,20286
2008,Denver Nuggets,TRUE,28.5,0.03,110,106.3,99.7,0.358,0.228,0.557,0.51,12.9,25.5,0.269,0.499,14.1,72.1,0.203,17365
2008,Detroit Pistons,TRUE,28.3,-0.72,111.4,102.9,87.3,0.3,0.203,0.539,0.495,11.4,29.4,0.23,0.47,13.4,73.7,0.244,22076
2008,Golden State Warriors,FALSE,25.5,0.17,111.8,109.5,98.8,0.276,0.295,0.548,0.511,11.5,27.2,0.208,0.509,14.7,70.3,0.258,19631
2008,Houston Rockets,TRUE,28.3,0.15,106.8,101.6,90.4,0.276,0.255,0.528,0.492,13,29.1,0.2,0.465,12.8,74.8,0.214,17525
2008,Indiana Pacers,FALSE,26.7,-0.46,106,107.5,97.7,0.292,0.289,0.54,0.498,13.5,24.4,0.224,0.498,14.1,73.9,0.271,12222
2008,Los Angeles Clippers,FALSE,28.5,0.71,101.2,109.1,92.1,0.338,0.167,0.519,0.465,13.7,23.1,0.264,0.503,12.8,73.1,0.236,16888
2008,Los Angeles Lakers,TRUE,26.7,0.09,113,105.5,95.6,0.333,0.257,0.57,0.525,12.9,26.3,0.256,0.485,12.9,73.4,0.214,18997
2008,Memphis Grizzlies,FALSE,24.5,0.45,105,111.4,95.3,0.311,0.264,0.539,0.5,14,23.8,0.225,0.521,12.2,73.4,0.196,12770
2008,Miami Heat,FALSE,27.4,0.11,100.5,110,90.2,0.3,0.217,0.522,0.482,14.4,22.1,0.218,0.51,13.6,71.9,0.245,19464
2008,Milwaukee Bucks,FALSE,25.8,-0.03,105.3,112.8,91.3,0.294,0.195,0.522,0.482,13.7,30,0.215,0.524,13,73,0.25,15596
2008,Minnesota Timberwolves,FALSE,24.6,0.52,103.8,111.2,91.9,0.248,0.185,0.518,0.484,13.6,27.5,0.183,0.513,12.9,73.6,0.269,14477
2008,New Jersey Nets,FALSE,27.4,-0.09,104,109.4,91.5,0.347,0.222,0.528,0.481,14.2,26.6,0.255,0.497,12.7,73.8,0.271,15657
2008,New Orleans Hornets,TRUE,27.1,0.18,111.5,105.7,89.9,0.251,0.239,0.548,0.512,11.4,27,0.193,0.501,13.5,75.4,0.184,14181
2008,New York Knicks,FALSE,25.7,0.06,104.7,111.9,91.6,0.31,0.215,0.518,0.475,13.4,28.6,0.226,0.518,12.1,72.7,0.229,19116
2008,Orlando Magic,TRUE,26.7,-0.68,111.3,105.5,93.4,0.355,0.322,0.575,0.537,13.6,23.4,0.256,0.484,12.3,74.8,0.217,17301
2008,Philadelphia 76ers,TRUE,25.3,-0.23,106.4,106,90.4,0.321,0.143,0.522,0.482,13.4,31.8,0.227,0.504,15.1,72,0.205,14870
2008,Phoenix Suns,TRUE,29.3,0.09,113.3,108.1,96.7,0.292,0.26,0.59,0.551,13.4,22.4,0.228,0.488,11.8,70.9,0.191,18422
2008,Portland Trail Blazers,FALSE,24.1,0.45,107.3,108.4,87.9,0.281,0.218,0.532,0.489,12.6,26.8,0.216,0.491,12.1,71.8,0.212,19550
2008,Sacramento Kings,FALSE,27.3,0.4,107.5,109.9,94.7,0.346,0.208,0.556,0.503,14.8,25.2,0.276,0.51,13.9,71.7,0.256,14151
2008,San Antonio Spurs,TRUE,31.4,0.31,107.2,101.8,88.8,0.276,0.251,0.543,0.504,12.6,23.4,0.21,0.477,12.8,77.1,0.201,18565
2008,Seattle SuperSonics,FALSE,25.4,0.72,100.5,109.5,96.3,0.265,0.134,0.509,0.467,14.3,26.8,0.204,0.503,11.9,73.7,0.215,13355
2008,Toronto Raptors,TRUE,26.3,-0.44,110.2,107,90.2,0.247,0.217,0.551,0.511,11.4,23.4,0.2,0.505,13.5,75,0.205,19435
2008,Utah Jazz,TRUE,25.3,-0.01,113.8,106.5,93.2,0.349,0.166,0.573,0.528,13.6,29.5,0.265,0.501,15,74.1,0.294,19908
2008,Washington Wizards,TRUE,27.2,-0.28,109.2,109.6,89.5,0.297,0.241,0.535,0.489,12.5,28.9,0.233,0.513,13.5,72.8,0.217,17962
2007,Atlanta Hawks,FALSE,24.1,-0.1,103,108.3,90,0.346,0.163,0.523,0.471,15.1,29.2,0.263,0.503,14.5,70.9,0.268,15595
2007,Boston Celtics,FALSE,23.5,-0.29,103.2,106.9,92,0.337,0.199,0.53,0.479,15.4,27,0.259,0.502,14.5,73.8,0.28,16843
2007,Charlotte Bobcats,FALSE,25.5,-0.22,103.6,107.6,92,0.322,0.193,0.524,0.48,13.9,26.4,0.236,0.5,14.7,71.6,0.279,15549
2007,Chicago Bulls,TRUE,26,-0.49,104.9,99.6,93.6,0.313,0.186,0.534,0.493,14.7,28.6,0.229,0.473,16.2,74.3,0.252,22253
2007,Cleveland Cavaliers,TRUE,26.9,-0.5,105.5,101.3,90.8,0.32,0.211,0.522,0.484,13.4,29.7,0.223,0.48,14.7,75.8,0.243,20436
2007,Dallas Mavericks,TRUE,28.1,0.06,111.3,103.2,89.5,0.317,0.218,0.559,0.509,13.4,28.7,0.256,0.477,14.2,75,0.265,20351
2007,Denver Nuggets,TRUE,26.5,0.07,107.6,105.9,97.4,0.36,0.212,0.548,0.501,14.6,28.9,0.268,0.499,14.5,71.8,0.203,17230
2007,Detroit Pistons,TRUE,29,-0.47,108.9,104.2,87.3,0.307,0.201,0.535,0.488,12,28.3,0.237,0.477,14.3,70.9,0.234,22076
2007,Golden State Warriors,TRUE,24.6,0.34,107,107.4,99.2,0.3,0.279,0.548,0.512,14.1,25.6,0.215,0.506,16.1,69.6,0.264,18104
2007,Houston Rockets,TRUE,28.2,0.19,106,100.7,90.7,0.292,0.29,0.54,0.499,13.6,25.7,0.22,0.466,13.6,77,0.23,16545
2007,Indiana Pacers,FALSE,27.2,-0.18,102.9,105.5,92.4,0.324,0.212,0.523,0.474,15.1,28.4,0.246,0.491,14.8,72.7,0.271,15360
2007,Los Angeles Clippers,FALSE,27.5,0.39,105.1,105.6,90.8,0.355,0.143,0.537,0.481,14.5,27.2,0.28,0.488,13.3,74.7,0.249,18421
2007,Los Angeles Lakers,TRUE,25.3,0.32,108.6,108.6,93.5,0.333,0.259,0.554,0.511,14.3,26.1,0.249,0.5,13.5,72.3,0.262,18986
2007,Memphis Grizzlies,FALSE,26.2,0.71,106.9,112.3,93.6,0.374,0.211,0.555,0.504,15.2,25.9,0.285,0.529,14,71.1,0.237,14655
2007,Miami Heat,TRUE,29.3,-0.29,104.3,105.3,89.9,0.321,0.245,0.541,0.506,14.3,24.9,0.222,0.485,13.8,73.3,0.232,19721
2007,Milwaukee Bucks,FALSE,26,-0.06,107,111.7,92.3,0.286,0.219,0.541,0.504,14.1,27.6,0.209,0.522,14.5,68.1,0.234,16186
2007,Minnesota Timberwolves,FALSE,27.7,0.51,103.9,107.9,91,0.291,0.167,0.537,0.49,14.8,25.1,0.231,0.498,13.3,72.1,0.226,15999
2007,New Jersey Nets,TRUE,28.2,-0.23,105.7,106.6,91.4,0.338,0.263,0.546,0.504,14.2,24.6,0.245,0.49,13.7,74.4,0.266,16926
2007,New Orleans/Oklahoma City Hornets,FALSE,26.4,0.38,104.8,106.5,90.2,0.291,0.188,0.52,0.479,13.6,29.1,0.215,0.499,13.2,74.7,0.212,17954
2007,New York Knicks,FALSE,25.4,-0.21,105.7,108.8,90.8,0.377,0.216,0.539,0.494,15.9,31,0.27,0.504,13,74,0.246,18796
2007,Orlando Magic,TRUE,25.6,-0.43,104.9,104.1,89.9,0.393,0.158,0.544,0.5,16.3,29.3,0.276,0.48,14.6,73.7,0.286,17095
2007,Philadelphia 76ers,FALSE,26.2,-0.23,103.6,106.9,90.7,0.333,0.128,0.53,0.48,14.6,27.2,0.255,0.501,14.7,70.8,0.221,14844
2007,Phoenix Suns,TRUE,27.6,-0.03,113.9,106.4,95.6,0.267,0.287,0.59,0.551,13.4,22.7,0.215,0.492,13.6,71.9,0.206,18422
2007,Portland Trail Blazers,FALSE,24.4,0.51,105.1,109.9,88.3,0.314,0.193,0.53,0.483,14.5,28.2,0.241,0.508,13.5,73,0.267,16360
2007,Sacramento Kings,FALSE,27.3,0.46,106.2,108,94.8,0.379,0.232,0.545,0.491,13.5,23.1,0.289,0.513,14.9,72.5,0.24,17317
2007,San Antonio Spurs,TRUE,30.4,-0.08,109.2,99.9,89.8,0.313,0.247,0.561,0.521,13.6,24.2,0.235,0.471,14,75.7,0.201,18654
2007,Seattle SuperSonics,FALSE,25.9,0.45,107.2,110.3,91.8,0.288,0.219,0.544,0.499,14.5,27.8,0.228,0.515,14.1,70.9,0.243,15955
2007,Toronto Raptors,TRUE,26,-0.38,107,106,92.6,0.303,0.224,0.55,0.504,13,22.2,0.239,0.503,14.3,74.5,0.219,18259
2007,Utah Jazz,TRUE,25.9,0.2,110.1,107,91.6,0.38,0.163,0.551,0.502,14.5,31.7,0.283,0.496,14.4,75.1,0.314,19566
2007,Washington Wizards,TRUE,26.8,-0.28,110.1,110.6,94.1,0.356,0.237,0.542,0.491,12.6,28.1,0.272,0.517,14.4,71,0.249,18373
2006,Atlanta Hawks,FALSE,22.7,0.07,106.4,111.6,90.4,0.34,0.178,0.534,0.486,14.7,31.4,0.255,0.513,14.1,69.5,0.275,15069
2006,Boston Celtics,FALSE,25.3,-0.05,105.2,106.9,92.2,0.349,0.204,0.551,0.504,15.7,25.5,0.263,0.49,13.8,72.8,0.282,16899
2006,Charlotte Bobcats,FALSE,25.2,0.1,102.5,106.7,93.4,0.319,0.184,0.509,0.464,13,27.1,0.233,0.514,16.5,70.7,0.263,16366
2006,Chicago Bulls,TRUE,24.1,-0.12,104,103.4,92.9,0.292,0.219,0.527,0.487,13.9,26.3,0.216,0.464,13.9,74.7,0.295,21188
2006,Cleveland Cavaliers,TRUE,27.1,-0.06,107.8,105.4,89.8,0.362,0.228,0.538,0.492,13.3,28.4,0.263,0.49,12.8,75.7,0.226,19327
2006,Dallas Mavericks,TRUE,27.5,-0.11,111.8,105,87.8,0.364,0.175,0.55,0.495,13.1,31.8,0.285,0.475,13.7,72.2,0.257,20114
2006,Denver Nuggets,TRUE,27.4,0.13,105.5,105.2,93.9,0.347,0.161,0.535,0.488,13.7,26.8,0.258,0.493,14.7,72,0.227,17135
2006,Detroit Pistons,TRUE,28.5,-0.44,110.8,103.1,86.8,0.297,0.221,0.535,0.497,11.2,28.9,0.216,0.477,13.7,71.2,0.191,22076
2006,Golden State Warriors,FALSE,25.6,0.25,104.8,106.2,93.3,0.323,0.27,0.521,0.479,13,26.9,0.232,0.492,14.1,71.6,0.243,18273
2006,Houston Rockets,FALSE,28.8,0.28,101.6,103.3,88,0.317,0.226,0.519,0.471,14.3,25.5,0.24,0.472,13.1,74.6,0.247,15515
2006,Indiana Pacers,TRUE,27.3,-0.27,104.5,102.4,89.7,0.344,0.245,0.533,0.487,14.8,27.1,0.254,0.464,13,72.6,0.232,16180
2006,Los Angeles Clippers,TRUE,26.8,0.18,105.3,103.6,91.7,0.332,0.131,0.54,0.487,13.8,25.4,0.263,0.471,12.2,75.9,0.24,17376
2006,Los Angeles Lakers,TRUE,25.1,0.03,108.4,105.7,90.9,0.329,0.24,0.539,0.495,13.1,28.8,0.245,0.486,13.4,73.6,0.242,18883
2006,Memphis Grizzlies,TRUE,28.1,0.05,105.9,101.6,86.3,0.339,0.258,0.537,0.496,13.9,25.8,0.241,0.469,14.7,72,0.237,15793
2006,Miami Heat,TRUE,29.2,-0.27,108.7,104.5,91.6,0.363,0.227,0.556,0.517,13.9,26.7,0.254,0.477,12.4,76.4,0.251,19955
2006,Milwaukee Bucks,TRUE,25.5,-0.04,106.3,107.4,91.2,0.322,0.203,0.535,0.492,13.8,27.3,0.238,0.504,13.8,74.6,0.262,16618
2006,Minnesota Timberwolves,FALSE,26.7,0.13,102.4,104.5,88.8,0.299,0.149,0.524,0.48,14.2,25.2,0.226,0.475,13.4,71.3,0.236,16150
2006,New Jersey Nets,TRUE,28.6,-0.26,103.9,102.4,89.8,0.346,0.229,0.528,0.478,13.3,24,0.262,0.476,14,76.3,0.266,16867
2006,New Orleans/Oklahoma City Hornets,FALSE,26.3,0.31,103.7,106.8,89,0.339,0.138,0.515,0.464,12.9,26.9,0.257,0.502,14.3,73.4,0.243,18717
2006,New York Knicks,FALSE,25.6,0.11,104,111,90.8,0.417,0.142,0.534,0.481,16.5,31.2,0.303,0.511,13.4,72.8,0.294,18931
2006,Orlando Magic,FALSE,25.5,-0.18,106.3,107.5,88.3,0.369,0.129,0.543,0.496,14.7,28.5,0.27,0.49,13,72.5,0.264,15561
2006,Philadelphia 76ers,FALSE,26.5,-0.15,106,108.1,92.7,0.356,0.158,0.538,0.487,13.3,25.6,0.27,0.5,14.3,71.3,0.24,16519
2006,Phoenix Suns,TRUE,27.5,-0.07,111.5,105.8,95.8,0.206,0.293,0.568,0.537,12.2,22.1,0.166,0.49,13.2,72.1,0.2,17809
2006,Portland Trail Blazers,FALSE,24.6,0.54,101.1,111.9,87.6,0.31,0.166,0.511,0.474,14.5,26.6,0.214,0.507,12.6,68.2,0.231,15049
2006,Sacramento Kings,TRUE,27.2,0.07,106.7,105,91.9,0.334,0.217,0.544,0.492,13.9,25.4,0.262,0.488,13.7,72.2,0.21,17317
2006,San Antonio Spurs,TRUE,29.8,-0.13,107.3,99.6,88.5,0.298,0.215,0.546,0.513,13.6,26,0.209,0.457,13.5,74.2,0.22,18797
2006,Seattle SuperSonics,FALSE,25.6,0.15,111.1,114.4,91.6,0.314,0.243,0.551,0.504,13.7,30.4,0.246,0.527,13.6,69,0.26,16199
2006,Toronto Raptors,FALSE,25.9,-0.04,109.5,112.7,91.1,0.315,0.244,0.548,0.5,12.4,25.4,0.249,0.53,13.5,73.3,0.263,17057
2006,Utah Jazz,FALSE,25.6,0.14,104.1,107,87.8,0.397,0.149,0.519,0.467,15,32.4,0.286,0.49,14,73.2,0.303,18332
2006,Washington Wizards,TRUE,26.5,-0.29,109.3,107.3,92.3,0.375,0.209,0.538,0.484,12.8,29.5,0.284,0.504,15.1,70.9,0.256,17197
2005,Atlanta Hawks,FALSE,26,0.09,100.6,111.1,91.4,0.299,0.146,0.504,0.464,14.9,30.7,0.212,0.513,14,72.1,0.289,14302
2005,Boston Celtics,TRUE,27.1,-0.52,107.5,106.6,93.3,0.357,0.192,0.551,0.501,14.7,27.2,0.273,0.481,14.2,70.1,0.274,16002
2005,Charlotte Bobcats,FALSE,24.9,-0.16,101.1,107.5,92.3,0.306,0.128,0.497,0.455,13.3,29.5,0.217,0.497,14.7,70.9,0.269,14432
2005,Chicago Bulls,TRUE,25,-0.41,101.4,100.3,92.4,0.311,0.217,0.517,0.471,15.5,28.4,0.233,0.454,14.4,72.6,0.262,20204
2005,Cleveland Cavaliers,FALSE,26.5,-0.52,106.6,105.7,89.7,0.325,0.135,0.518,0.47,13,32.5,0.244,0.485,14.1,71.5,0.248,19128
2005,Dallas Mavericks,TRUE,27.7,0.11,110.3,104.1,92.7,0.346,0.19,0.545,0.492,12.5,28.6,0.273,0.472,14.3,70.2,0.239,20062
2005,Denver Nuggets,TRUE,26.7,0.2,106,103.9,93.5,0.35,0.142,0.535,0.483,13.8,28.4,0.267,0.482,15.1,71.7,0.247,17657
2005,Detroit Pistons,TRUE,27.9,-0.55,105.6,101.2,87.2,0.335,0.164,0.519,0.472,13.3,31.2,0.247,0.461,13.5,73,0.207,22076
2005,Golden State Warriors,FALSE,26.7,0.42,104.7,106.9,93.3,0.278,0.252,0.512,0.475,12.3,27.8,0.201,0.491,13.9,69.7,0.227,16350
2005,Houston Rockets,TRUE,29.7,0.23,106.2,101.7,88.8,0.309,0.237,0.534,0.486,13.5,26.3,0.242,0.459,12.9,74.5,0.245,16182
2005,Indiana Pacers,TRUE,28.3,-0.27,105.5,104.6,87.2,0.358,0.255,0.534,0.476,14.1,26.4,0.283,0.472,13.6,71.3,0.261,16994
2005,Los Angeles Clippers,FALSE,25.5,0.3,105.5,106.4,89.1,0.357,0.105,0.533,0.477,14.9,30.3,0.278,0.48,13,71.3,0.235,16980
2005,Los Angeles Lakers,FALSE,26,0.64,108.1,111.4,90.8,0.322,0.273,0.535,0.485,13.4,29.5,0.251,0.493,11,71.1,0.218,18793
2005,Memphis Grizzlies,TRUE,26.3,0.34,105.5,102.9,88.5,0.323,0.237,0.535,0.489,14.3,27.1,0.243,0.466,15.4,69.9,0.27,16862
2005,Miami Heat,TRUE,28,-0.76,110.2,103.1,90.8,0.387,0.198,0.559,0.524,13.1,27,0.26,0.46,12.4,74.1,0.242,19882
2005,Milwaukee Bucks,FALSE,26.9,-0.1,106.6,109.8,90.8,0.339,0.141,0.527,0.475,13,29,0.261,0.499,12.4,72,0.233,15537
2005,Minnesota Timberwolves,FALSE,29,0.28,108.2,106.6,89.1,0.275,0.173,0.534,0.489,12.7,28.6,0.219,0.472,11.2,71.4,0.208,17181
2005,New Jersey Nets,TRUE,27.8,-0.32,101.4,103.1,89.1,0.318,0.187,0.512,0.463,13.7,25.5,0.242,0.479,15.2,73.2,0.278,15090
2005,New Orleans Hornets,FALSE,27.5,0.78,99.7,107.7,87.6,0.279,0.201,0.493,0.446,14.2,29.1,0.214,0.491,13.9,70.7,0.261,14221
2005,New York Knicks,FALSE,27.3,-0.28,106.2,108.9,90.7,0.312,0.188,0.531,0.485,13.8,28.3,0.239,0.501,13.8,71.2,0.265,19516
2005,Orlando Magic,FALSE,26.5,-0.27,104.9,107.3,94.7,0.35,0.137,0.529,0.478,14.6,29.9,0.265,0.484,13.2,71.3,0.255,14584
2005,Philadelphia 76ers,TRUE,26.4,-0.33,103.5,104.3,94.9,0.326,0.216,0.528,0.475,14.2,25.4,0.257,0.485,15.4,72.7,0.267,17870
2005,Phoenix Suns,TRUE,25.2,-0.04,114.5,107.1,95.9,0.296,0.289,0.571,0.534,12.4,27.5,0.222,0.478,12,68.3,0.176,17709
2005,Portland Trail Blazers,FALSE,27,0.55,103.2,107.7,89.8,0.303,0.181,0.524,0.484,15.2,29.6,0.219,0.479,12.6,67.7,0.204,16594
2005,Sacramento Kings,TRUE,27.7,0.4,110.5,108.2,93,0.287,0.2,0.541,0.496,12,28.8,0.226,0.493,13.3,69,0.214,17317
2005,San Antonio Spurs,TRUE,28.5,0.03,107.5,98.8,88.9,0.329,0.216,0.534,0.492,13.2,29.1,0.238,0.452,14.7,73.6,0.236,18316
2005,Seattle SuperSonics,TRUE,26,0.3,112.2,109.6,87.9,0.328,0.281,0.546,0.495,13,32.4,0.259,0.496,12.9,71.3,0.249,16475
2005,Toronto Raptors,FALSE,27,-0.19,106.9,108.7,92.7,0.316,0.253,0.539,0.492,12.5,23.7,0.244,0.499,13.4,71.1,0.24,17156
2005,Utah Jazz,FALSE,25.7,0.53,104.7,109.5,88.4,0.361,0.121,0.522,0.469,15,31.9,0.273,0.499,14.2,72.3,0.34,18756
2005,Washington Wizards,TRUE,25.3,-0.38,107.2,107.5,93.3,0.364,0.22,0.523,0.474,12.9,31.1,0.264,0.498,14.6,70,0.23,17197
2004,Atlanta Hawks,FALSE,26.2,-0.36,101,106.1,90.8,0.303,0.191,0.514,0.465,15.4,28.6,0.235,0.476,13.1,70.5,0.234,13798
2004,Boston Celtics,TRUE,26.4,-0.54,102.1,103.7,93.2,0.327,0.249,0.532,0.486,15.4,25.2,0.245,0.479,15.7,69.5,0.24,16201
2004,Chicago Bulls,FALSE,26.8,-0.33,96.6,103.4,92.2,0.272,0.186,0.486,0.446,14.9,28.1,0.197,0.469,14.1,71.4,0.253,19736
2004,Cleveland Cavaliers,FALSE,24.9,-0.44,101.4,104.2,90.8,0.301,0.116,0.498,0.451,13.7,31.1,0.226,0.469,12.3,73,0.221,18288
2004,Dallas Mavericks,TRUE,27.4,0.42,112.1,107.4,93.2,0.256,0.201,0.536,0.495,11.1,31.4,0.204,0.498,13.9,71.6,0.214,20136
2004,Denver Nuggets,TRUE,25.6,0.58,103.9,102.7,93.3,0.319,0.146,0.517,0.467,14.2,30.5,0.245,0.481,15.6,69.3,0.221,17597
2004,Detroit Pistons,TRUE,27.4,-0.81,102,95.4,87.9,0.328,0.153,0.511,0.461,14.7,30.1,0.247,0.441,15.5,71.8,0.202,21290
2004,Golden State Warriors,FALSE,28.1,0.66,103,103.8,89.8,0.311,0.197,0.517,0.475,14.1,28.4,0.226,0.476,13.3,72.1,0.211,16235
2004,Houston Rockets,TRUE,28.3,0.55,100.9,99,87.8,0.286,0.227,0.528,0.484,16.4,26.5,0.221,0.447,13.1,74.5,0.233,15629
2004,Indiana Pacers,TRUE,27.1,-0.82,103.8,97.2,87.5,0.319,0.203,0.52,0.471,14.1,28.5,0.243,0.459,15.7,73.9,0.218,16545
2004,Los Angeles Clippers,FALSE,24.3,0.84,103.5,108.5,91,0.35,0.156,0.512,0.453,15,32.8,0.275,0.494,12.9,70,0.231,16143
2004,Los Angeles Lakers,TRUE,29.8,0.45,105.5,101.3,92.3,0.352,0.167,0.522,0.481,12.8,28.1,0.244,0.471,14.3,73.3,0.222,18970
2004,Memphis Grizzlies,TRUE,26,0.52,104.8,102.2,91.4,0.322,0.197,0.522,0.479,13.9,29.5,0.234,0.465,15.7,68.4,0.251,15188
2004,Miami Heat,TRUE,26.4,-0.65,102.2,101.7,88,0.298,0.211,0.51,0.463,13.5,27.4,0.227,0.463,14.5,73.4,0.26,15239
2004,Milwaukee Bucks,TRUE,26.5,-0.64,106.5,105.4,91.6,0.33,0.172,0.528,0.477,12.7,27.6,0.255,0.485,13.3,71.8,0.213,16834
2004,Minnesota Timberwolves,TRUE,29.7,0.37,105.9,99.7,89,0.265,0.137,0.528,0.486,12.4,26.7,0.207,0.444,12.9,72.5,0.215,17636
2004,New Jersey Nets,TRUE,27.7,-0.63,100.8,98,89.4,0.291,0.176,0.515,0.471,14.4,25.9,0.219,0.46,15.7,73.9,0.221,14952
2004,New Orleans Hornets,TRUE,30.3,-0.62,102.3,102.4,89.1,0.293,0.252,0.505,0.46,14.1,30.6,0.22,0.476,15,71.3,0.218,14332
2004,New York Knicks,TRUE,29.6,-0.49,101.7,103.3,89.5,0.266,0.171,0.518,0.474,15.1,28,0.211,0.461,13.2,72.8,0.259,19164
2004,Orlando Magic,FALSE,25.8,-0.23,102.7,110.4,90.8,0.296,0.184,0.504,0.461,12.8,28.1,0.218,0.502,12.7,68.7,0.214,14369
2004,Philadelphia 76ers,FALSE,27.5,-0.46,99.1,101.9,88,0.321,0.158,0.505,0.456,15.5,28.2,0.242,0.467,14.7,70.7,0.231,19223
2004,Phoenix Suns,FALSE,24.4,0.8,101.4,105.5,92.6,0.28,0.18,0.515,0.475,14.3,26.6,0.209,0.482,14.7,69.9,0.24,16351
2004,Portland Trail Blazers,FALSE,27.6,0.69,103.7,105.1,86.2,0.267,0.17,0.515,0.478,14.4,31.2,0.195,0.482,13.3,70,0.186,16684
2004,Sacramento Kings,TRUE,29.3,0.4,110.3,104.9,92.8,0.305,0.223,0.554,0.507,13,26,0.242,0.483,13.7,69.8,0.193,17317
2004,San Antonio Spurs,TRUE,27.3,0.29,102.2,94.1,89.2,0.322,0.177,0.511,0.473,14.1,29.5,0.219,0.433,14.8,74.6,0.215,18042
2004,Seattle SuperSonics,FALSE,26,0.66,107.3,108,89.9,0.27,0.294,0.54,0.501,13.9,27.2,0.207,0.487,13.9,68.5,0.237,15154
2004,Toronto Raptors,FALSE,27.6,-0.4,97,100.4,86.8,0.26,0.204,0.495,0.454,14.1,23.8,0.195,0.449,14.1,70.1,0.241,18308
2004,Utah Jazz,FALSE,24.9,0.69,101.9,103.3,86.6,0.356,0.127,0.509,0.456,16.1,34.1,0.266,0.468,15.4,72.4,0.319,19154
2004,Washington Wizards,FALSE,24.4,-0.48,98.8,104.8,92.2,0.337,0.194,0.5,0.454,16,30.7,0.241,0.486,14.9,69.5,0.214,15741
2003,Atlanta Hawks,FALSE,27.2,-0.31,102.3,106.1,91,0.313,0.177,0.527,0.476,15.7,27.9,0.248,0.469,12.1,70.4,0.222,12894
2003,Boston Celtics,TRUE,26.9,-0.36,101.2,101.6,90.9,0.306,0.331,0.514,0.47,13.4,23.6,0.227,0.471,15.1,72.5,0.242,17294
2003,Chicago Bulls,FALSE,25.2,-0.17,100.2,105.6,93.5,0.3,0.148,0.512,0.471,15.4,27.7,0.217,0.47,13.3,69.5,0.263,19617
2003,Cleveland Cavaliers,FALSE,23.5,0.04,96.5,106.7,94,0.298,0.133,0.491,0.444,16.4,31,0.223,0.484,13,73.2,0.252,11497
2003,Dallas Mavericks,TRUE,28.1,0.12,110.7,102.3,92.5,0.257,0.239,0.543,0.498,10.9,25.4,0.213,0.473,14.8,70.9,0.221,19913
2003,Denver Nuggets,FALSE,24.1,0.87,92.2,101.3,91,0.283,0.126,0.469,0.428,17.1,31.3,0.198,0.477,16.5,73.3,0.29,14825
2003,Detroit Pistons,TRUE,29,-0.71,104.1,99.9,86.8,0.322,0.237,0.523,0.473,13.3,25.9,0.248,0.461,13.9,74,0.225,20470
2003,Golden State Warriors,FALSE,24.4,0.54,108.3,109.5,94.2,0.343,0.178,0.526,0.472,13.9,35,0.267,0.482,12.2,67.9,0.22,15486
2003,Houston Rockets,FALSE,25.9,0.42,104.3,102.6,88.8,0.316,0.196,0.522,0.474,14.8,30.3,0.243,0.462,12.6,72.4,0.209,13785
2003,Indiana Pacers,TRUE,25.9,-0.7,104.6,100.8,91.6,0.344,0.169,0.522,0.469,13.7,29,0.263,0.458,14.3,72.3,0.228,16353
2003,Los Angeles Clippers,FALSE,25.3,0.68,102.3,106.8,91.3,0.335,0.182,0.516,0.467,14.8,29.1,0.252,0.481,13.1,70.2,0.222,17231
2003,Los Angeles Lakers,TRUE,28.1,0.38,107.2,104.7,92.5,0.311,0.199,0.528,0.486,13.3,30.2,0.228,0.477,13.4,72.7,0.241,18973
2003,Memphis Grizzlies,FALSE,24.9,0.63,103.9,107.3,92.7,0.287,0.19,0.526,0.487,14.2,27,0.212,0.491,13.4,68.7,0.197,14910
2003,Miami Heat,FALSE,26.5,-0.08,96.7,102.4,87.8,0.259,0.169,0.483,0.439,13.8,26.8,0.198,0.47,14.1,73.9,0.257,15323
2003,Milwaukee Bucks,TRUE,29.3,-0.48,108.8,108.6,90.4,0.287,0.229,0.543,0.5,12.2,25.6,0.222,0.494,13.5,69.9,0.237,16243
2003,Minnesota Timberwolves,TRUE,28.2,0.39,106.1,103.8,91.9,0.268,0.118,0.528,0.488,12.9,28.2,0.206,0.472,12.7,72.9,0.203,15700
2003,New Jersey Nets,TRUE,27.3,-0.8,103.8,98.1,91.6,0.333,0.158,0.518,0.468,13.8,28.7,0.252,0.46,15.7,73.1,0.225,15185
2003,New Orleans Hornets,TRUE,29.1,-0.59,103.9,101.6,89.4,0.285,0.161,0.511,0.465,13.9,31.7,0.219,0.464,14,73.1,0.226,15651
2003,New York Knicks,FALSE,30.2,-0.26,104.7,106.2,90.7,0.241,0.235,0.528,0.486,13.4,24.4,0.196,0.485,13.7,71.8,0.261,19012
2003,Orlando Magic,TRUE,26.9,-0.53,105.2,105,93.1,0.307,0.235,0.526,0.478,13.3,27,0.239,0.486,15.1,71.1,0.25,14778
2003,Philadelphia 76ers,TRUE,28.3,-0.55,105,102.5,91.4,0.339,0.119,0.52,0.466,13.7,30.3,0.263,0.488,16.2,72.7,0.243,19685
2003,Phoenix Suns,TRUE,25.2,0.43,103.7,102.5,91.5,0.285,0.17,0.514,0.473,13.7,29.7,0.211,0.47,14.8,70.3,0.222,16258
2003,Portland Trail Blazers,TRUE,29.2,0.36,105.5,102.6,89.4,0.3,0.177,0.531,0.489,14.5,30.2,0.223,0.483,14.9,72.3,0.194,19421
2003,Sacramento Kings,TRUE,28.3,0.18,105.9,99.1,95.4,0.262,0.184,0.535,0.499,13.3,25.6,0.196,0.446,13.6,70.6,0.204,17317
2003,San Antonio Spurs,TRUE,28.4,0.23,105.6,99.7,90,0.348,0.202,0.541,0.497,15.1,28.8,0.253,0.453,14.2,71.3,0.199,17950
2003,Seattle SuperSonics,FALSE,26.9,0.49,103.7,103.9,88,0.27,0.196,0.512,0.472,12.8,28.1,0.201,0.484,14.3,71.8,0.21,15541
2003,Toronto Raptors,FALSE,27.6,-0.23,100.5,107,89.9,0.282,0.179,0.497,0.458,13.6,28.2,0.203,0.489,13.1,70.7,0.226,18964
2003,Utah Jazz,TRUE,30.9,0.37,105.5,102.8,89.3,0.38,0.104,0.537,0.486,16,32.5,0.283,0.468,15.2,70.2,0.256,19172
2003,Washington Wizards,FALSE,28.4,-0.46,103,104.1,88.2,0.325,0.127,0.513,0.46,13,27.3,0.253,0.477,13.8,71.6,0.212,20173
2002,Atlanta Hawks,FALSE,25.7,-0.18,101.8,106.4,91.9,0.294,0.181,0.517,0.471,14.6,27.5,0.225,0.495,14.1,70.9,0.218,12344
2002,Boston Celtics,TRUE,26.2,-0.46,103.4,101,92.5,0.291,0.289,0.52,0.476,12.8,24.1,0.223,0.464,15.1,72.9,0.245,16091
2002,Charlotte Hornets,TRUE,28.3,-0.4,104.3,103.3,89.7,0.32,0.151,0.513,0.466,13.3,30.6,0.238,0.465,13.3,72.2,0.226,11286
2002,Chicago Bulls,FALSE,25.5,0.02,98.2,107.6,90.5,0.302,0.134,0.499,0.456,14.6,26.6,0.218,0.497,13.7,71.4,0.239,18934
2002,Cleveland Cavaliers,FALSE,26,-0.19,104.6,108.2,90.3,0.301,0.156,0.524,0.477,13.8,28.9,0.232,0.493,12.3,72.8,0.226,14539
2002,Dallas Mavericks,TRUE,27.6,0.16,112.2,107.7,92.8,0.288,0.237,0.553,0.507,11.3,26.1,0.232,0.485,12.9,70.7,0.239,19580
2002,Denver Nuggets,FALSE,28.2,0.63,101.4,107.8,90.4,0.256,0.187,0.495,0.455,13.6,30.6,0.19,0.492,13.6,69.9,0.245,15460
2002,Detroit Pistons,TRUE,29.5,-0.45,104.8,102.4,90,0.31,0.24,0.54,0.497,14.3,24.4,0.235,0.474,14.8,70.5,0.206,18556
2002,Golden State Warriors,FALSE,24.8,0.61,102.8,108.5,94.5,0.335,0.142,0.499,0.452,14.7,35.3,0.242,0.488,12.9,69.4,0.232,14468
2002,Houston Rockets,FALSE,25.9,0.58,103.1,108.6,88.2,0.286,0.223,0.507,0.465,13.4,29,0.211,0.491,11.5,69.8,0.178,11737
2002,Indiana Pacers,TRUE,26.1,-0.34,104.1,103.8,91.9,0.328,0.182,0.527,0.477,14.2,27,0.253,0.469,13.2,71,0.227,16745
2002,Los Angeles Clippers,FALSE,24.4,0.38,105.5,106,90.1,0.304,0.172,0.519,0.476,13.8,31.3,0.225,0.477,12.1,69.9,0.194,18053
2002,Los Angeles Lakers,TRUE,27.9,0.03,109.4,101.7,92.1,0.313,0.21,0.534,0.498,11.8,28.8,0.218,0.453,13,72,0.233,18995
2002,Memphis Grizzlies,FALSE,25.5,0.7,98.2,106.3,91.1,0.288,0.168,0.501,0.462,15.4,27.8,0.204,0.486,13.7,68,0.197,14415
2002,Miami Heat,FALSE,30.1,-0.31,98.5,100.2,87.4,0.268,0.141,0.501,0.463,14.6,26.6,0.194,0.455,13.6,74,0.249,15989
2002,Milwaukee Bucks,FALSE,28.9,-0.4,106.9,107.1,90.2,0.269,0.241,0.544,0.507,13.6,25.6,0.201,0.477,12,70.9,0.217,18178
2002,Minnesota Timberwolves,TRUE,26.7,0.2,109,105.3,90.5,0.255,0.152,0.532,0.49,12.5,31.3,0.203,0.482,12.7,73.7,0.218,17846
2002,New Jersey Nets,TRUE,26.1,-0.49,104,99.5,91.8,0.28,0.175,0.515,0.476,13.4,29.2,0.206,0.459,14.9,71.6,0.213,13761
2002,New York Knicks,FALSE,30.3,-0.16,101.5,105.9,89.7,0.274,0.206,0.514,0.468,14,25.6,0.216,0.479,12.9,71.9,0.236,19763
2002,Orlando Magic,TRUE,28,-0.32,107,105.3,93.2,0.278,0.241,0.533,0.493,12.6,26.3,0.21,0.486,14.4,69.2,0.215,15149
2002,Philadelphia 76ers,TRUE,29,-0.33,102.1,100.3,88.9,0.327,0.111,0.507,0.452,14.6,31.7,0.255,0.46,14.2,72.1,0.208,20560
2002,Phoenix Suns,FALSE,26.5,0.39,103.3,104,91.4,0.235,0.158,0.51,0.472,13.6,30.1,0.18,0.476,14.4,70.2,0.227,16316
2002,Portland Trail Blazers,TRUE,29,0.22,107.4,104,89.3,0.285,0.198,0.528,0.485,13.5,31.8,0.218,0.489,14.2,73.3,0.202,19459
2002,Sacramento Kings,TRUE,27,0,109,101.1,95.6,0.308,0.166,0.539,0.497,12.4,27.9,0.231,0.467,13.6,71.7,0.185,17317
2002,San Antonio Spurs,TRUE,28.5,0.07,106.5,99.7,90,0.353,0.19,0.539,0.492,13.8,27.2,0.262,0.453,13.7,71.9,0.189,22107
2002,Seattle SuperSonics,TRUE,26.9,0.22,108.9,105.6,89,0.25,0.193,0.54,0.505,13.2,29.4,0.189,0.485,14.5,68.1,0.206,15452
2002,Toronto Raptors,TRUE,29.3,-0.27,102.6,103.1,88.8,0.255,0.165,0.501,0.463,13.6,31.4,0.189,0.471,14.7,70.1,0.237,19760
2002,Utah Jazz,TRUE,29.9,0.32,105.6,104.6,90.3,0.381,0.132,0.529,0.472,15.4,33.5,0.291,0.484,15.9,71.7,0.286,18686
2002,Washington Wizards,FALSE,27.5,-0.17,104.8,106.4,88.3,0.28,0.118,0.508,0.464,12.5,30.7,0.214,0.484,13,71.4,0.214,20674
2001,Atlanta Hawks,FALSE,26.1,-0.34,98.7,104.3,91.9,0.272,0.14,0.5,0.456,15.5,28.9,0.206,0.472,13.8,70.8,0.249,13667
2001,Boston Celtics,FALSE,25.9,-0.26,101.4,103.7,92.6,0.338,0.252,0.521,0.473,14.7,25.3,0.25,0.493,16,72.7,0.256,15346
2001,Charlotte Hornets,TRUE,28.2,-0.65,101.8,99.5,89.4,0.33,0.151,0.506,0.457,13.7,29.8,0.246,0.456,14.1,74.5,0.222,15010
2001,Chicago Bulls,FALSE,23.2,0.01,97.2,107.3,89.3,0.298,0.148,0.495,0.45,15.1,26.6,0.22,0.499,14.3,70.3,0.254,21674
2001,Cleveland Cavaliers,FALSE,26.9,-0.23,100.3,104.9,91.2,0.312,0.101,0.509,0.459,15.4,29.7,0.239,0.477,14.1,71.1,0.248,15873
2001,Dallas Mavericks,TRUE,26.6,0.32,107.1,102.6,93.2,0.291,0.202,0.544,0.498,13.1,24.1,0.231,0.467,14.2,70.7,0.244,16591
2001,Denver Nuggets,FALSE,27.9,0.64,103.7,106.3,92.6,0.286,0.21,0.511,0.47,12.8,28.3,0.211,0.476,12.1,71.8,0.223,15105
2001,Detroit Pistons,FALSE,27.1,-0.39,100,101.8,94.7,0.325,0.162,0.498,0.453,14.2,29.3,0.234,0.466,14,72.2,0.233,14813
2001,Golden State Warriors,FALSE,26.6,0.94,97.8,107.4,94.1,0.282,0.134,0.47,0.429,13.9,33.3,0.199,0.504,15,69.7,0.227,14439
2001,Houston Rockets,FALSE,26.7,0.42,106.7,104.2,90.4,0.321,0.217,0.538,0.492,14,27.5,0.244,0.475,12.6,71.9,0.206,12648
2001,Indiana Pacers,TRUE,27.7,-0.57,102,102.2,89.4,0.312,0.18,0.519,0.471,14.5,27,0.239,0.452,12.8,71.4,0.235,17849
2001,Los Angeles Clippers,FALSE,24.3,0.66,101.3,104.5,89.6,0.319,0.164,0.514,0.476,14.9,28.3,0.221,0.466,12,71.1,0.217,14673
2001,Los Angeles Lakers,TRUE,29.2,0.37,108.4,104.8,91.7,0.349,0.191,0.535,0.498,13.3,31.1,0.238,0.468,12.2,72.5,0.234,18935
2001,Miami Heat,TRUE,30.9,-0.57,101.1,98.5,87.1,0.299,0.221,0.515,0.469,13.7,24.3,0.227,0.46,15.3,72.7,0.214,16541
2001,Milwaukee Bucks,TRUE,28.2,-0.74,108.8,104.6,92.1,0.276,0.218,0.542,0.499,12.8,28.1,0.217,0.473,14.4,71.1,0.253,16662
2001,Minnesota Timberwolves,TRUE,27.4,0.46,105.2,103.7,91.8,0.253,0.131,0.523,0.482,13,28.6,0.199,0.478,14.2,71.9,0.238,17497
2001,New Jersey Nets,FALSE,27.5,-0.25,100,105.5,91.8,0.328,0.165,0.504,0.452,13.9,25.7,0.249,0.488,14.9,70,0.258,13575
2001,New York Knicks,TRUE,29.8,-0.65,101.2,98.2,86.7,0.279,0.18,0.523,0.476,14.6,24.2,0.222,0.453,14.7,74.3,0.24,19763
2001,Orlando Magic,TRUE,26,-0.6,103.2,102.1,93.2,0.301,0.196,0.513,0.474,13.8,29.1,0.215,0.464,15.6,69.8,0.29,14757
2001,Philadelphia 76ers,TRUE,28.2,-0.65,103.6,98.9,90.6,0.351,0.124,0.518,0.468,14.7,31.2,0.262,0.46,14.5,72.5,0.186,19651
2001,Phoenix Suns,TRUE,28.6,0.42,100.3,98,93.1,0.292,0.156,0.506,0.46,14.1,27.3,0.221,0.46,16.3,73.7,0.252,17990
2001,Portland Trail Blazers,TRUE,30.1,0.33,106.5,101.8,89.1,0.296,0.165,0.539,0.497,14.8,30,0.225,0.47,14.3,72.4,0.223,20277
2001,Sacramento Kings,TRUE,27.1,0.25,105.6,99.6,94.4,0.298,0.194,0.529,0.484,13.4,27.2,0.23,0.46,14.5,70.7,0.181,17317
2001,San Antonio Spurs,TRUE,29.5,0.16,106.6,98,89.6,0.374,0.175,0.541,0.496,13.6,27.1,0.267,0.444,12.9,73.7,0.182,22273
2001,Seattle SuperSonics,FALSE,27.9,0.52,105.6,105.6,91.6,0.299,0.176,0.53,0.491,14.3,29.1,0.219,0.488,13.9,69.8,0.199,15630
2001,Toronto Raptors,TRUE,29.9,-0.57,105.9,103.4,90.9,0.285,0.167,0.51,0.468,12.1,30.8,0.213,0.476,13.3,73.2,0.212,19348
2001,Utah Jazz,TRUE,32,0.31,107.6,102.4,89.8,0.363,0.135,0.546,0.497,15.1,30.2,0.273,0.473,15.6,73.2,0.301,19322
2001,Vancouver Grizzlies,FALSE,26.2,0.79,99.6,105.8,91.7,0.289,0.145,0.51,0.464,14.9,26.1,0.223,0.491,13.8,69.8,0.194,13737
2001,Washington Wizards,FALSE,27,-0.08,100.6,107.8,92.7,0.348,0.131,0.514,0.46,15.7,29.7,0.264,0.503,14.1,71.8,0.236,15577
2000,Atlanta Hawks,FALSE,27.6,-0.04,102,107.9,91.7,0.292,0.12,0.503,0.46,14.1,31.7,0.217,0.481,11.3,71,0.196,14657
2000,Boston Celtics,FALSE,25.4,-0.24,104.8,105.6,94.6,0.316,0.183,0.52,0.474,13.8,30.4,0.236,0.498,15.8,73.8,0.306,16673
2000,Charlotte Hornets,TRUE,28.7,-0.34,104.3,101.4,93.9,0.376,0.153,0.53,0.475,13.7,25.7,0.285,0.478,14.6,73.2,0.198,17874
2000,Chicago Bulls,FALSE,26,0.17,94.2,104.6,89.4,0.338,0.167,0.49,0.443,18,29.9,0.24,0.484,14.5,69.9,0.24,22124
2000,Cleveland Cavaliers,FALSE,27.2,-0.14,100.4,104,95.7,0.327,0.136,0.516,0.468,15.6,28.1,0.245,0.474,15.1,71.2,0.275,14724
2000,Dallas Mavericks,FALSE,26.3,0.29,106.6,107.2,94.9,0.248,0.188,0.532,0.49,12.6,25.5,0.2,0.488,14.2,66.1,0.21,14785
2000,Denver Nuggets,FALSE,25.9,0.36,103.5,105.8,94.7,0.306,0.202,0.517,0.476,14,29.2,0.222,0.479,13,71.6,0.235,15554
2000,Detroit Pistons,TRUE,28.3,-0.31,107.3,105.8,95.7,0.378,0.184,0.548,0.492,14.3,26.8,0.295,0.499,15.4,71.6,0.249,16548
2000,Golden State Warriors,FALSE,26.9,0.64,99.8,108.4,95.4,0.301,0.15,0.484,0.444,13.9,32.6,0.21,0.499,14.6,69.1,0.259,12419
2000,Houston Rockets,FALSE,26.3,0.3,104.8,105.7,94.2,0.322,0.244,0.536,0.494,15.8,29.1,0.236,0.481,12.5,71.6,0.201,15234
2000,Indiana Pacers,TRUE,30.4,-0.45,108.5,103.6,93.1,0.302,0.224,0.552,0.503,13.3,24.9,0.245,0.469,12.6,71.5,0.197,18345
2000,Los Angeles Clippers,FALSE,24.2,0.8,97.8,110.1,93.9,0.27,0.188,0.499,0.458,14.9,26.1,0.202,0.507,13.1,69.6,0.22,13652
2000,Los Angeles Lakers,TRUE,29.2,-0.14,107.3,98.2,93.3,0.346,0.153,0.525,0.484,12.7,30.6,0.241,0.443,13.4,73.1,0.222,18815
2000,Miami Heat,TRUE,29.2,-0.36,104.5,101,89.7,0.283,0.186,0.533,0.495,14.5,28.2,0.208,0.453,13.3,72.9,0.229,18374
2000,Milwaukee Bucks,TRUE,28.2,-0.28,108.2,107.9,92.7,0.29,0.157,0.539,0.494,13.8,30,0.228,0.496,14.6,69.6,0.254,15332
2000,Minnesota Timberwolves,TRUE,26.6,0.14,106.1,103.4,91.8,0.256,0.104,0.525,0.485,12.9,29.4,0.2,0.474,14,73,0.25,16400
2000,New Jersey Nets,FALSE,27.3,-0.15,105.1,106.3,92.5,0.297,0.2,0.517,0.468,12.6,28.1,0.233,0.491,15.2,67.2,0.223,15698
2000,New York Knicks,TRUE,29.5,-0.16,102.5,100.9,89.2,0.283,0.147,0.527,0.482,14.4,24.7,0.221,0.455,13.6,73.1,0.251,19763
2000,Orlando Magic,FALSE,26.3,-0.26,102.4,101.7,97.3,0.305,0.124,0.516,0.473,15.4,31.6,0.224,0.476,15.9,69.9,0.226,14059
2000,Philadelphia 76ers,TRUE,27.1,-0.32,101.5,100,92.7,0.329,0.095,0.501,0.457,14.2,31.4,0.233,0.466,16.2,69.9,0.229,18462
2000,Phoenix Suns,TRUE,28.6,0.02,104.6,99,94,0.286,0.184,0.532,0.491,15.2,29.3,0.217,0.454,15.7,70.5,0.245,18856
2000,Portland Trail Blazers,TRUE,29.6,-0.04,107.9,100.8,89.9,0.316,0.175,0.546,0.501,14.5,30.3,0.24,0.461,13.8,72.4,0.217,20368
2000,Sacramento Kings,TRUE,27.5,0.12,105,102.1,99.3,0.277,0.227,0.526,0.486,13.9,27.7,0.209,0.479,15.1,69.7,0.198,17185
2000,San Antonio Spurs,TRUE,30.9,-0.02,105,98.6,90.8,0.346,0.138,0.535,0.488,14.3,27.8,0.258,0.451,13.5,73,0.188,21694
2000,Seattle SuperSonics,TRUE,28.5,0.22,105.6,104.6,93.4,0.282,0.232,0.52,0.487,12.9,28.5,0.196,0.483,14,69.6,0.193,15018
2000,Toronto Raptors,TRUE,29.3,-0.3,104.7,104.9,92.5,0.3,0.17,0.511,0.464,12.7,30.1,0.23,0.48,14.2,71.8,0.247,18451
2000,Utah Jazz,TRUE,31.5,0.05,107.3,102.3,89.6,0.337,0.134,0.54,0.49,14.3,29.5,0.26,0.477,15,73.2,0.256,19543
2000,Vancouver Grizzlies,FALSE,25.3,0.52,102.3,108.5,91,0.32,0.139,0.524,0.474,15.8,30.1,0.247,0.502,14.1,70.6,0.231,13899
2000,Washington Wizards,FALSE,28,-0.19,103.5,107,92.7,0.315,0.133,0.521,0.476,14.8,30.6,0.234,0.489,13.9,71.7,0.273,15039
